0 verbose cli C:\Program Files\nodejs\node.exe C:\Program Files\nodejs\node_modules\npm\bin\npm-cli.js
1 info using npm@11.13.0
2 info using node@v24.16.0
3 silly config load:file:C:\Program Files\nodejs\node_modules\npm\npmrc
4 silly config load:file:E:\DOCUMENTS\EVENT MANAGEMENT SAAS\.npmrc
5 silly config load:file:C:\Users\RITIK\.npmrc
6 silly config load:file:C:\Users\RITIK\AppData\Roaming\npm\etc\npmrc
7 verbose title npm install
8 verbose argv "install" "--cache" ".\\.npm-cache"
9 verbose logfile logs-max:10 dir:E:\DOCUMENTS\EVENT MANAGEMENT SAAS\.npm-cache\_logs\2026-06-02T10_54_12_463Z-
10 verbose logfile E:\DOCUMENTS\EVENT MANAGEMENT SAAS\.npm-cache\_logs\2026-06-02T10_54_12_463Z-debug-0.log
11 silly logfile done cleaning log files
12 silly packumentCache heap:2348810240 maxSize:587202560 maxEntrySize:293601280
13 silly idealTree buildDeps
14 silly fetch manifest @vitejs/plugin-react@^4.3.4
15 silly packumentCache full:https://registry.npmjs.org/@vitejs%2fplugin-react cache-miss
16 http fetch GET 200 https://registry.npmjs.org/@vitejs%2fplugin-react 6091ms (cache miss)
17 silly packumentCache full:https://registry.npmjs.org/@vitejs%2fplugin-react set size:undefined disposed:false
18 silly fetch manifest vite@^6.0.7
19 silly packumentCache full:https://registry.npmjs.org/vite cache-miss
20 http fetch GET 200 https://registry.npmjs.org/npm 6912ms
21 http fetch GET 200 https://registry.npmjs.org/vite 7134ms (cache miss)
22 silly packumentCache full:https://registry.npmjs.org/vite set size:undefined disposed:false
23 silly fetch manifest @types/node@^18.0.0 || ^20.0.0 || >=22.0.0
24 silly packumentCache full:https://registry.npmjs.org/@types%2fnode cache-miss
25 http fetch GET 200 https://registry.npmjs.org/@types%2fnode 3873ms (cache miss)
26 silly packumentCache full:https://registry.npmjs.org/@types%2fnode set size:undefined disposed:false
27 silly fetch manifest jiti@>=1.21.0
28 silly packumentCache full:https://registry.npmjs.org/jiti cache-miss
29 http fetch GET 200 https://registry.npmjs.org/jiti 235ms (cache miss)
30 silly packumentCache full:https://registry.npmjs.org/jiti set size:undefined disposed:false
31 silly fetch manifest less@*
32 silly packumentCache full:https://registry.npmjs.org/less cache-miss
33 http fetch GET 200 https://registry.npmjs.org/less 241ms (cache miss)
34 silly packumentCache full:https://registry.npmjs.org/less set size:undefined disposed:false
35 silly fetch manifest lightningcss@^1.21.0
36 silly packumentCache full:https://registry.npmjs.org/lightningcss cache-miss
37 http fetch GET 200 https://registry.npmjs.org/lightningcss 156ms (cache miss)
38 silly packumentCache full:https://registry.npmjs.org/lightningcss set size:undefined disposed:false
39 silly fetch manifest sass@*
40 silly packumentCache full:https://registry.npmjs.org/sass cache-miss
41 http fetch GET 200 https://registry.npmjs.org/sass 362ms (cache miss)
42 silly packumentCache full:https://registry.npmjs.org/sass set size:undefined disposed:false
43 silly fetch manifest sass-embedded@*
44 silly packumentCache full:https://registry.npmjs.org/sass-embedded cache-miss
45 http fetch GET 200 https://registry.npmjs.org/sass-embedded 408ms (cache miss)
46 silly packumentCache full:https://registry.npmjs.org/sass-embedded set size:undefined disposed:false
47 silly fetch manifest stylus@*
48 silly packumentCache full:https://registry.npmjs.org/stylus cache-miss
49 http fetch GET 200 https://registry.npmjs.org/stylus 307ms (cache miss)
50 silly packumentCache full:https://registry.npmjs.org/stylus set size:undefined disposed:false
51 silly fetch manifest sugarss@*
52 silly packumentCache full:https://registry.npmjs.org/sugarss cache-miss
53 http fetch GET 200 https://registry.npmjs.org/sugarss 156ms (cache miss)
54 silly packumentCache full:https://registry.npmjs.org/sugarss set size:undefined disposed:false
55 silly fetch manifest postcss@^8.4.49
56 silly packumentCache full:https://registry.npmjs.org/postcss cache-miss
57 http fetch GET 200 https://registry.npmjs.org/postcss 344ms (cache miss)
58 silly packumentCache full:https://registry.npmjs.org/postcss set size:undefined disposed:false
59 silly fetch manifest terser@^5.16.0
60 silly packumentCache full:https://registry.npmjs.org/terser cache-miss
61 http fetch GET 200 https://registry.npmjs.org/terser 245ms (cache miss)
62 silly packumentCache full:https://registry.npmjs.org/terser set size:undefined disposed:false
63 silly fetch manifest tsx@^4.8.1
64 silly packumentCache full:https://registry.npmjs.org/tsx cache-miss
65 http fetch GET 200 https://registry.npmjs.org/tsx 186ms (cache miss)
66 silly packumentCache full:https://registry.npmjs.org/tsx set size:undefined disposed:false
67 silly fetch manifest yaml@^2.4.2
68 silly packumentCache full:https://registry.npmjs.org/yaml cache-miss
69 http fetch GET 200 https://registry.npmjs.org/yaml 180ms (cache miss)
70 silly packumentCache full:https://registry.npmjs.org/yaml set size:undefined disposed:false
71 silly fetch manifest typescript@^5.7.2
72 silly packumentCache full:https://registry.npmjs.org/typescript cache-miss
73 http fetch GET 200 https://registry.npmjs.org/typescript 2060ms (cache miss)
74 silly packumentCache full:https://registry.npmjs.org/typescript set size:undefined disposed:false
75 silly fetch manifest react@^19.0.0
76 silly packumentCache full:https://registry.npmjs.org/react cache-miss
77 http fetch GET 200 https://registry.npmjs.org/react 1652ms (cache miss)
78 silly packumentCache full:https://registry.npmjs.org/react set size:undefined disposed:false
79 silly fetch manifest react-dom@^19.0.0
80 silly packumentCache full:https://registry.npmjs.org/react-dom cache-miss
81 http fetch GET 200 https://registry.npmjs.org/react-dom 1136ms (cache miss)
82 silly packumentCache full:https://registry.npmjs.org/react-dom set size:undefined disposed:false
83 silly fetch manifest react-router-dom@^7.1.1
84 silly packumentCache full:https://registry.npmjs.org/react-router-dom cache-miss
85 http fetch GET 200 https://registry.npmjs.org/react-router-dom 440ms (cache miss)
86 silly packumentCache full:https://registry.npmjs.org/react-router-dom set size:undefined disposed:false
87 silly fetch manifest tailwindcss@^3.4.17
88 silly packumentCache full:https://registry.npmjs.org/tailwindcss cache-miss
89 http fetch GET 200 https://registry.npmjs.org/tailwindcss 1797ms (cache miss)
90 silly packumentCache full:https://registry.npmjs.org/tailwindcss set size:undefined disposed:false
91 silly fetch manifest autoprefixer@^10.4.20
92 silly packumentCache full:https://registry.npmjs.org/autoprefixer cache-miss
93 http fetch GET 200 https://registry.npmjs.org/autoprefixer 259ms (cache miss)
94 silly packumentCache full:https://registry.npmjs.org/autoprefixer set size:undefined disposed:false
95 silly fetch manifest recharts@^2.15.0
96 silly packumentCache full:https://registry.npmjs.org/recharts cache-miss
97 http fetch GET 200 https://registry.npmjs.org/recharts 274ms (cache miss)
98 silly packumentCache full:https://registry.npmjs.org/recharts set size:undefined disposed:false
99 silly fetch manifest lucide-react@^0.468.0
100 silly packumentCache full:https://registry.npmjs.org/lucide-react cache-miss
101 http fetch GET 200 https://registry.npmjs.org/lucide-react 426ms (cache miss)
102 silly packumentCache full:https://registry.npmjs.org/lucide-react set size:undefined disposed:false
103 silly placeDep ROOT @vitejs/plugin-react@4.7.0 OK for: eventos@1.0.0 want: ^4.3.4
104 silly placeDep ROOT vite@6.4.3 OK for: @vitejs/plugin-react@4.7.0 want: ^4.2.0 || ^5.0.0 || ^6.0.0 || ^7.0.0
105 silly placeDep ROOT autoprefixer@10.5.0 OK for: eventos@1.0.0 want: ^10.4.20
106 silly placeDep ROOT postcss@8.5.15 OK for: autoprefixer@10.5.0 want: ^8.1.0
107 silly placeDep ROOT lucide-react@0.468.0 OK for: eventos@1.0.0 want: ^0.468.0
108 silly placeDep ROOT react@19.2.7 OK for: lucide-react@0.468.0 want: ^16.5.1 || ^17.0.0 || ^18.0.0 || ^19.0.0-rc
109 silly placeDep ROOT react-dom@19.2.7 OK for: eventos@1.0.0 want: ^19.0.0
110 silly placeDep ROOT react-router-dom@7.16.0 OK for: eventos@1.0.0 want: ^7.1.1
111 silly placeDep ROOT recharts@2.15.4 OK for: eventos@1.0.0 want: ^2.15.0
112 silly placeDep ROOT tailwindcss@3.4.19 OK for: eventos@1.0.0 want: ^3.4.17
113 silly placeDep ROOT typescript@5.9.3 OK for: eventos@1.0.0 want: ^5.7.2
114 silly fetch manifest @babel/core@^7.28.0
115 silly packumentCache full:https://registry.npmjs.org/@babel%2fcore cache-miss
116 silly fetch manifest react-refresh@^0.17.0
117 silly packumentCache full:https://registry.npmjs.org/react-refresh cache-miss
118 silly fetch manifest @types/babel__core@^7.20.5
119 silly packumentCache full:https://registry.npmjs.org/@types%2fbabel__core cache-miss
120 http fetch GET 200 https://registry.npmjs.org/@babel%2fcore 376ms (cache miss)
121 silly packumentCache full:https://registry.npmjs.org/@babel%2fcore set size:undefined disposed:false
122 silly fetch manifest @rolldown/pluginutils@1.0.0-beta.27
123 silly packumentCache full:https://registry.npmjs.org/@rolldown%2fpluginutils cache-miss
124 http fetch GET 200 https://registry.npmjs.org/@rolldown%2fpluginutils 313ms (cache miss)
125 silly packumentCache full:https://registry.npmjs.org/@rolldown%2fpluginutils set size:undefined disposed:false
126 silly fetch manifest @babel/plugin-transform-react-jsx-self@^7.27.1
127 silly packumentCache full:https://registry.npmjs.org/@babel%2fplugin-transform-react-jsx-self cache-miss
128 http fetch GET 200 https://registry.npmjs.org/@types%2fbabel__core 930ms (cache miss)
129 silly packumentCache full:https://registry.npmjs.org/@types%2fbabel__core set size:undefined disposed:false
130 silly fetch manifest @babel/plugin-transform-react-jsx-source@^7.27.1
131 silly packumentCache full:https://registry.npmjs.org/@babel%2fplugin-transform-react-jsx-source cache-miss
132 http fetch GET 200 https://registry.npmjs.org/@babel%2fplugin-transform-react-jsx-self 338ms (cache miss)
133 silly packumentCache full:https://registry.npmjs.org/@babel%2fplugin-transform-react-jsx-self set size:undefined disposed:false
134 silly fetch manifest esbuild@^0.25.0
135 silly packumentCache full:https://registry.npmjs.org/esbuild cache-miss
136 http fetch GET 200 https://registry.npmjs.org/@babel%2fplugin-transform-react-jsx-source 356ms (cache miss)
137 silly packumentCache full:https://registry.npmjs.org/@babel%2fplugin-transform-react-jsx-source set size:undefined disposed:false
138 silly fetch manifest fdir@^6.4.4
139 silly packumentCache full:https://registry.npmjs.org/fdir cache-miss
140 http fetch GET 200 https://registry.npmjs.org/react-refresh 1337ms (cache miss)
141 silly packumentCache full:https://registry.npmjs.org/react-refresh set size:undefined disposed:false
142 silly fetch manifest picomatch@^4.0.2
143 silly packumentCache full:https://registry.npmjs.org/picomatch cache-miss
144 http fetch GET 200 https://registry.npmjs.org/picomatch 630ms (cache miss)
145 silly packumentCache full:https://registry.npmjs.org/picomatch set size:undefined disposed:false
146 silly fetch manifest postcss@^8.5.3
147 silly packumentCache full:https://registry.npmjs.org/postcss cache-miss
148 http cache https://registry.npmjs.org/postcss 32ms (cache hit)
149 silly packumentCache full:https://registry.npmjs.org/postcss set size:723316 disposed:false
150 silly fetch manifest rollup@^4.34.9
151 silly packumentCache full:https://registry.npmjs.org/rollup cache-miss
152 http fetch GET 200 https://registry.npmjs.org/fdir 921ms (cache miss)
153 silly packumentCache full:https://registry.npmjs.org/fdir set size:undefined disposed:false
154 silly fetch manifest tinyglobby@^0.2.13
155 silly packumentCache full:https://registry.npmjs.org/tinyglobby cache-miss
156 http fetch GET 200 https://registry.npmjs.org/esbuild 1168ms (cache miss)
157 silly packumentCache full:https://registry.npmjs.org/esbuild set size:undefined disposed:false
158 silly fetch manifest fsevents@~2.3.3
159 silly packumentCache full:https://registry.npmjs.org/fsevents cache-miss
160 http fetch GET 200 https://registry.npmjs.org/tinyglobby 164ms (cache miss)
161 silly packumentCache full:https://registry.npmjs.org/tinyglobby set size:undefined disposed:false
162 silly fetch manifest browserslist@^4.28.2
163 silly packumentCache full:https://registry.npmjs.org/browserslist cache-miss
164 http fetch GET 200 https://registry.npmjs.org/fsevents 217ms (cache miss)
165 silly packumentCache full:https://registry.npmjs.org/fsevents set size:undefined disposed:false
166 silly fetch manifest caniuse-lite@^1.0.30001787
167 silly packumentCache full:https://registry.npmjs.org/caniuse-lite cache-miss
168 http fetch GET 200 https://registry.npmjs.org/rollup 838ms (cache miss)
169 silly packumentCache full:https://registry.npmjs.org/rollup set size:undefined disposed:false
170 silly fetch manifest fraction.js@^5.3.4
171 silly packumentCache full:https://registry.npmjs.org/fraction.js cache-miss
172 http fetch GET 200 https://registry.npmjs.org/browserslist 830ms (cache miss)
173 silly packumentCache full:https://registry.npmjs.org/browserslist set size:undefined disposed:false
174 silly fetch manifest picocolors@^1.1.1
175 silly packumentCache full:https://registry.npmjs.org/picocolors cache-miss
176 http fetch GET 200 https://registry.npmjs.org/picocolors 196ms (cache miss)
177 silly packumentCache full:https://registry.npmjs.org/picocolors set size:undefined disposed:false
178 silly fetch manifest postcss-value-parser@^4.2.0
179 silly packumentCache full:https://registry.npmjs.org/postcss-value-parser cache-miss
180 http fetch GET 200 https://registry.npmjs.org/fraction.js 315ms (cache miss)
181 silly packumentCache full:https://registry.npmjs.org/fraction.js set size:undefined disposed:false
182 silly fetch manifest nanoid@^3.3.12
183 silly packumentCache full:https://registry.npmjs.org/nanoid cache-miss
184 http fetch GET 200 https://registry.npmjs.org/caniuse-lite 1207ms (cache miss)
185 silly packumentCache full:https://registry.npmjs.org/caniuse-lite set size:undefined disposed:false
186 silly fetch manifest source-map-js@^1.2.1
187 silly packumentCache full:https://registry.npmjs.org/source-map-js cache-miss
188 http fetch GET 200 https://registry.npmjs.org/postcss-value-parser 296ms (cache miss)
189 silly packumentCache full:https://registry.npmjs.org/postcss-value-parser set size:undefined disposed:false
190 silly fetch manifest scheduler@^0.27.0
191 silly packumentCache full:https://registry.npmjs.org/scheduler cache-miss
192 http fetch GET 200 https://registry.npmjs.org/nanoid 307ms (cache miss)
193 silly packumentCache full:https://registry.npmjs.org/nanoid set size:undefined disposed:false
194 silly fetch manifest react-router@7.16.0
195 silly packumentCache full:https://registry.npmjs.org/react-router cache-miss
196 http fetch GET 200 https://registry.npmjs.org/source-map-js 297ms (cache miss)
197 silly packumentCache full:https://registry.npmjs.org/source-map-js set size:undefined disposed:false
198 silly fetch manifest clsx@^2.0.0
199 silly packumentCache full:https://registry.npmjs.org/clsx cache-miss
200 http fetch GET 200 https://registry.npmjs.org/clsx 562ms (cache miss)
201 silly packumentCache full:https://registry.npmjs.org/clsx set size:undefined disposed:false
202 silly fetch manifest lodash@^4.17.21
203 silly packumentCache full:https://registry.npmjs.org/lodash cache-miss
204 http fetch GET 200 https://registry.npmjs.org/lodash 678ms (cache miss)
205 silly packumentCache full:https://registry.npmjs.org/lodash set size:undefined disposed:false
206 silly fetch manifest react-is@^18.3.1
207 silly packumentCache full:https://registry.npmjs.org/react-is cache-miss
208 http fetch GET 200 https://registry.npmjs.org/react-router 1949ms (cache miss)
209 silly packumentCache full:https://registry.npmjs.org/react-router set size:undefined disposed:false
210 silly fetch manifest react-smooth@^4.0.4
211 silly packumentCache full:https://registry.npmjs.org/react-smooth cache-miss
212 http fetch GET 200 https://registry.npmjs.org/scheduler 3377ms (cache miss)
213 silly packumentCache full:https://registry.npmjs.org/scheduler set size:undefined disposed:false
214 silly fetch manifest eventemitter3@^4.0.1
215 silly packumentCache full:https://registry.npmjs.org/eventemitter3 cache-miss
216 http fetch GET 200 https://registry.npmjs.org/react-smooth 1495ms (cache miss)
217 silly packumentCache full:https://registry.npmjs.org/react-smooth set size:undefined disposed:false
218 silly fetch manifest recharts-scale@^0.4.4
219 silly packumentCache full:https://registry.npmjs.org/recharts-scale cache-miss
220 http fetch GET 200 https://registry.npmjs.org/eventemitter3 193ms (cache miss)
221 silly packumentCache full:https://registry.npmjs.org/eventemitter3 set size:undefined disposed:false
222 silly fetch manifest tiny-invariant@^1.3.1
223 silly packumentCache full:https://registry.npmjs.org/tiny-invariant cache-miss
224 http fetch GET 200 https://registry.npmjs.org/tiny-invariant 218ms (cache miss)
225 silly packumentCache full:https://registry.npmjs.org/tiny-invariant set size:undefined disposed:false
226 silly fetch manifest victory-vendor@^36.6.8
227 silly packumentCache full:https://registry.npmjs.org/victory-vendor cache-miss
228 http fetch GET 200 https://registry.npmjs.org/recharts-scale 514ms (cache miss)
229 silly packumentCache full:https://registry.npmjs.org/recharts-scale set size:undefined disposed:false
230 silly fetch manifest arg@^5.0.2
231 silly packumentCache full:https://registry.npmjs.org/arg cache-miss
232 http fetch GET 200 https://registry.npmjs.org/react-is 2590ms (cache miss)
233 silly packumentCache full:https://registry.npmjs.org/react-is set size:undefined disposed:false
234 silly fetch manifest dlv@^1.1.3
235 silly packumentCache full:https://registry.npmjs.org/dlv cache-miss
236 http fetch GET 200 https://registry.npmjs.org/victory-vendor 398ms (cache miss)
237 silly packumentCache full:https://registry.npmjs.org/victory-vendor set size:undefined disposed:false
238 silly fetch manifest jiti@^1.21.7
239 silly packumentCache full:https://registry.npmjs.org/jiti cache-miss
240 http cache https://registry.npmjs.org/jiti 17ms (cache hit)
241 silly packumentCache full:https://registry.npmjs.org/jiti set size:387989 disposed:false
242 silly fetch manifest is-glob@^4.0.3
243 silly packumentCache full:https://registry.npmjs.org/is-glob cache-miss
244 http fetch GET 200 https://registry.npmjs.org/arg 214ms (cache miss)
245 silly packumentCache full:https://registry.npmjs.org/arg set size:undefined disposed:false
246 silly fetch manifest resolve@^1.22.8
247 silly packumentCache full:https://registry.npmjs.org/resolve cache-miss
248 http fetch GET 200 https://registry.npmjs.org/dlv 166ms (cache miss)
249 silly packumentCache full:https://registry.npmjs.org/dlv set size:undefined disposed:false
250 silly fetch manifest sucrase@^3.35.0
251 silly packumentCache full:https://registry.npmjs.org/sucrase cache-miss
252 http fetch GET 200 https://registry.npmjs.org/is-glob 133ms (cache miss)
253 silly packumentCache full:https://registry.npmjs.org/is-glob set size:undefined disposed:false
254 silly fetch manifest chokidar@^3.6.0
255 silly packumentCache full:https://registry.npmjs.org/chokidar cache-miss
256 http fetch GET 200 https://registry.npmjs.org/resolve 260ms (cache miss)
257 silly packumentCache full:https://registry.npmjs.org/resolve set size:undefined disposed:false
258 silly fetch manifest fast-glob@^3.3.2
259 silly packumentCache full:https://registry.npmjs.org/fast-glob cache-miss
260 http fetch GET 200 https://registry.npmjs.org/sucrase 340ms (cache miss)
261 silly packumentCache full:https://registry.npmjs.org/sucrase set size:undefined disposed:false
262 silly fetch manifest lilconfig@^3.1.3
263 silly packumentCache full:https://registry.npmjs.org/lilconfig cache-miss
264 http fetch GET 200 https://registry.npmjs.org/chokidar 312ms (cache miss)
265 silly packumentCache full:https://registry.npmjs.org/chokidar set size:undefined disposed:false
266 silly fetch manifest didyoumean@^1.2.2
267 silly packumentCache full:https://registry.npmjs.org/didyoumean cache-miss
268 http fetch GET 200 https://registry.npmjs.org/fast-glob 240ms (cache miss)
269 silly packumentCache full:https://registry.npmjs.org/fast-glob set size:undefined disposed:false
270 silly fetch manifest micromatch@^4.0.8
271 silly packumentCache full:https://registry.npmjs.org/micromatch cache-miss
272 http fetch GET 200 https://registry.npmjs.org/didyoumean 155ms (cache miss)
273 silly packumentCache full:https://registry.npmjs.org/didyoumean set size:undefined disposed:false
274 silly fetch manifest postcss-js@^4.0.1
275 silly packumentCache full:https://registry.npmjs.org/postcss-js cache-miss
276 http fetch GET 200 https://registry.npmjs.org/lilconfig 188ms (cache miss)
277 silly packumentCache full:https://registry.npmjs.org/lilconfig set size:undefined disposed:false
278 silly fetch manifest glob-parent@^6.0.2
279 silly packumentCache full:https://registry.npmjs.org/glob-parent cache-miss
280 http fetch GET 200 https://registry.npmjs.org/micromatch 183ms (cache miss)
281 silly packumentCache full:https://registry.npmjs.org/micromatch set size:undefined disposed:false
282 silly fetch manifest object-hash@^3.0.0
283 silly packumentCache full:https://registry.npmjs.org/object-hash cache-miss
284 http fetch GET 200 https://registry.npmjs.org/glob-parent 139ms (cache miss)
285 silly packumentCache full:https://registry.npmjs.org/glob-parent set size:undefined disposed:false
286 silly fetch manifest normalize-path@^3.0.0
287 silly packumentCache full:https://registry.npmjs.org/normalize-path cache-miss
288 http fetch GET 200 https://registry.npmjs.org/postcss-js 156ms (cache miss)
289 silly packumentCache full:https://registry.npmjs.org/postcss-js set size:undefined disposed:false
290 silly fetch manifest postcss-import@^15.1.0
291 silly packumentCache full:https://registry.npmjs.org/postcss-import cache-miss
292 http fetch GET 200 https://registry.npmjs.org/normalize-path 161ms (cache miss)
293 silly packumentCache full:https://registry.npmjs.org/normalize-path set size:undefined disposed:false
294 silly fetch manifest postcss-nested@^6.2.0
295 silly packumentCache full:https://registry.npmjs.org/postcss-nested cache-miss
296 http fetch GET 200 https://registry.npmjs.org/object-hash 208ms (cache miss)
297 silly packumentCache full:https://registry.npmjs.org/object-hash set size:undefined disposed:false
298 silly fetch manifest @alloc/quick-lru@^5.2.0
299 silly packumentCache full:https://registry.npmjs.org/@alloc%2fquick-lru cache-miss
300 http fetch GET 200 https://registry.npmjs.org/postcss-import 186ms (cache miss)
301 silly packumentCache full:https://registry.npmjs.org/postcss-import set size:undefined disposed:false
302 silly fetch manifest postcss-load-config@^4.0.2 || ^5.0 || ^6.0
303 silly packumentCache full:https://registry.npmjs.org/postcss-load-config cache-miss
304 http fetch GET 200 https://registry.npmjs.org/postcss-nested 177ms (cache miss)
305 silly packumentCache full:https://registry.npmjs.org/postcss-nested set size:undefined disposed:false
306 silly fetch manifest postcss-selector-parser@^6.1.2
307 silly packumentCache full:https://registry.npmjs.org/postcss-selector-parser cache-miss
308 http fetch GET 200 https://registry.npmjs.org/@alloc%2fquick-lru 173ms (cache miss)
309 silly packumentCache full:https://registry.npmjs.org/@alloc%2fquick-lru set size:undefined disposed:false
310 http fetch GET 200 https://registry.npmjs.org/postcss-load-config 160ms (cache miss)
311 silly packumentCache full:https://registry.npmjs.org/postcss-load-config set size:undefined disposed:false
312 http fetch GET 200 https://registry.npmjs.org/postcss-selector-parser 185ms (cache miss)
313 silly packumentCache full:https://registry.npmjs.org/postcss-selector-parser set size:undefined disposed:false
314 silly placeDep ROOT @babel/core@7.29.7 OK for: @vitejs/plugin-react@4.7.0 want: ^7.28.0
315 silly placeDep ROOT @babel/plugin-transform-react-jsx-self@7.29.7 OK for: @vitejs/plugin-react@4.7.0 want: ^7.27.1
316 silly placeDep ROOT @babel/plugin-transform-react-jsx-source@7.29.7 OK for: @vitejs/plugin-react@4.7.0 want: ^7.27.1
317 silly placeDep ROOT @rolldown/pluginutils@1.0.0-beta.27 OK for: @vitejs/plugin-react@4.7.0 want: 1.0.0-beta.27
318 silly placeDep ROOT @types/babel__core@7.20.5 OK for: @vitejs/plugin-react@4.7.0 want: ^7.20.5
319 silly placeDep ROOT react-refresh@0.17.0 OK for: @vitejs/plugin-react@4.7.0 want: ^0.17.0
320 silly fetch manifest @babel/code-frame@^7.29.7
321 silly packumentCache full:https://registry.npmjs.org/@babel%2fcode-frame cache-miss
322 silly fetch manifest @babel/generator@^7.29.7
323 silly packumentCache full:https://registry.npmjs.org/@babel%2fgenerator cache-miss
324 silly fetch manifest @babel/helper-compilation-targets@^7.29.7
325 silly packumentCache full:https://registry.npmjs.org/@babel%2fhelper-compilation-targets cache-miss
326 http fetch GET 200 https://registry.npmjs.org/@babel%2fcode-frame 279ms (cache miss)
327 silly packumentCache full:https://registry.npmjs.org/@babel%2fcode-frame set size:undefined disposed:false
328 silly fetch manifest @babel/helper-module-transforms@^7.29.7
329 silly packumentCache full:https://registry.npmjs.org/@babel%2fhelper-module-transforms cache-miss
330 http fetch GET 200 https://registry.npmjs.org/@babel%2fhelper-compilation-targets 286ms (cache miss)
331 silly packumentCache full:https://registry.npmjs.org/@babel%2fhelper-compilation-targets set size:undefined disposed:false
332 silly fetch manifest @babel/helpers@^7.29.7
333 silly packumentCache full:https://registry.npmjs.org/@babel%2fhelpers cache-miss
334 http fetch GET 200 https://registry.npmjs.org/@babel%2fgenerator 368ms (cache miss)
335 silly packumentCache full:https://registry.npmjs.org/@babel%2fgenerator set size:undefined disposed:false
336 silly fetch manifest @babel/parser@^7.29.7
337 silly packumentCache full:https://registry.npmjs.org/@babel%2fparser cache-miss
338 http fetch GET 200 https://registry.npmjs.org/@babel%2fhelper-module-transforms 300ms (cache miss)
339 silly packumentCache full:https://registry.npmjs.org/@babel%2fhelper-module-transforms set size:undefined disposed:false
340 silly fetch manifest @babel/template@^7.29.7
341 silly packumentCache full:https://registry.npmjs.org/@babel%2ftemplate cache-miss
342 http fetch GET 200 https://registry.npmjs.org/@babel%2fhelpers 313ms (cache miss)
343 silly packumentCache full:https://registry.npmjs.org/@babel%2fhelpers set size:undefined disposed:false
344 silly fetch manifest @babel/traverse@^7.29.7
345 silly packumentCache full:https://registry.npmjs.org/@babel%2ftraverse cache-miss
346 http fetch GET 200 https://registry.npmjs.org/@babel%2fparser 576ms (cache miss)
347 silly packumentCache full:https://registry.npmjs.org/@babel%2fparser set size:undefined disposed:false
348 silly fetch manifest @babel/types@^7.29.7
349 silly packumentCache full:https://registry.npmjs.org/@babel%2ftypes cache-miss
350 http fetch GET 200 https://registry.npmjs.org/@babel%2ftemplate 479ms (cache miss)
351 silly packumentCache full:https://registry.npmjs.org/@babel%2ftemplate set size:undefined disposed:false
352 silly fetch manifest @jridgewell/remapping@^2.3.5
353 silly packumentCache full:https://registry.npmjs.org/@jridgewell%2fremapping cache-miss
354 http fetch GET 200 https://registry.npmjs.org/@babel%2ftraverse 656ms (cache miss)
355 silly packumentCache full:https://registry.npmjs.org/@babel%2ftraverse set size:undefined disposed:false
356 silly fetch manifest convert-source-map@^2.0.0
357 silly packumentCache full:https://registry.npmjs.org/convert-source-map cache-miss
358 http fetch GET 200 https://registry.npmjs.org/@jridgewell%2fremapping 330ms (cache miss)
359 silly packumentCache full:https://registry.npmjs.org/@jridgewell%2fremapping set size:undefined disposed:false
360 silly fetch manifest debug@^4.1.0
361 silly packumentCache full:https://registry.npmjs.org/debug cache-miss
362 http fetch GET 200 https://registry.npmjs.org/@babel%2ftypes 539ms (cache miss)
363 silly packumentCache full:https://registry.npmjs.org/@babel%2ftypes set size:undefined disposed:false
364 silly fetch manifest gensync@^1.0.0-beta.2
365 silly packumentCache full:https://registry.npmjs.org/gensync cache-miss
366 http fetch GET 200 https://registry.npmjs.org/convert-source-map 270ms (cache miss)
367 silly packumentCache full:https://registry.npmjs.org/convert-source-map set size:undefined disposed:false
368 silly fetch manifest json5@^2.2.3
369 silly packumentCache full:https://registry.npmjs.org/json5 cache-miss
370 http fetch GET 200 https://registry.npmjs.org/debug 218ms (cache miss)
371 silly packumentCache full:https://registry.npmjs.org/debug set size:undefined disposed:false
372 silly fetch manifest semver@^6.3.1
373 silly packumentCache full:https://registry.npmjs.org/semver cache-miss
374 http fetch GET 200 https://registry.npmjs.org/gensync 134ms (cache miss)
375 silly packumentCache full:https://registry.npmjs.org/gensync set size:undefined disposed:false
376 silly fetch manifest @babel/helper-plugin-utils@^7.29.7
377 silly packumentCache full:https://registry.npmjs.org/@babel%2fhelper-plugin-utils cache-miss
378 http fetch GET 200 https://registry.npmjs.org/json5 181ms (cache miss)
379 silly packumentCache full:https://registry.npmjs.org/json5 set size:undefined disposed:false
380 silly fetch manifest @babel/helper-plugin-utils@^7.29.7
381 silly packumentCache full:https://registry.npmjs.org/@babel%2fhelper-plugin-utils cache-miss
382 http fetch GET 200 https://registry.npmjs.org/semver 283ms (cache miss)
383 silly packumentCache full:https://registry.npmjs.org/semver set size:undefined disposed:false
384 silly fetch manifest @babel/types@^7.20.7
385 silly packumentCache full:https://registry.npmjs.org/@babel%2ftypes cache-miss
386 http fetch GET 200 https://registry.npmjs.org/@babel%2fhelper-plugin-utils 318ms (cache miss)
387 silly packumentCache full:https://registry.npmjs.org/@babel%2fhelper-plugin-utils set size:undefined disposed:false
388 silly fetch manifest @babel/parser@^7.20.7
389 silly packumentCache full:https://registry.npmjs.org/@babel%2fparser cache-miss
390 http cache https://registry.npmjs.org/@babel%2fparser 9ms (cache hit)
391 silly packumentCache full:https://registry.npmjs.org/@babel%2fparser set size:730539 disposed:false
392 silly fetch manifest @types/babel__template@*
393 silly packumentCache full:https://registry.npmjs.org/@types%2fbabel__template cache-miss
394 http fetch GET 200 https://registry.npmjs.org/@babel%2fhelper-plugin-utils 316ms (cache miss)
395 silly packumentCache full:https://registry.npmjs.org/@babel%2fhelper-plugin-utils set size:undefined disposed:false
396 silly fetch manifest @types/babel__traverse@*
397 silly packumentCache full:https://registry.npmjs.org/@types%2fbabel__traverse cache-miss
398 http cache https://registry.npmjs.org/@babel%2ftypes 159ms (cache hit)
399 silly packumentCache full:https://registry.npmjs.org/@babel%2ftypes set size:496342 disposed:false
400 silly fetch manifest @types/babel__generator@*
401 silly packumentCache full:https://registry.npmjs.org/@types%2fbabel__generator cache-miss
402 http fetch GET 200 https://registry.npmjs.org/@types%2fbabel__template 203ms (cache miss)
403 silly packumentCache full:https://registry.npmjs.org/@types%2fbabel__template set size:undefined disposed:false
404 http fetch GET 200 https://registry.npmjs.org/@types%2fbabel__generator 187ms (cache miss)
405 silly packumentCache full:https://registry.npmjs.org/@types%2fbabel__generator set size:undefined disposed:false
406 http fetch GET 200 https://registry.npmjs.org/@types%2fbabel__traverse 225ms (cache miss)
407 silly packumentCache full:https://registry.npmjs.org/@types%2fbabel__traverse set size:undefined disposed:false
408 silly fetch manifest @babel/core@^7.0.0
409 silly packumentCache full:https://registry.npmjs.org/@babel%2fcore cache-miss
410 http cache https://registry.npmjs.org/@babel%2fcore 15ms (cache hit)
411 silly packumentCache full:https://registry.npmjs.org/@babel%2fcore set size:779631 disposed:false
412 silly placeDep ROOT @babel/code-frame@7.29.7 OK for: @babel/core@7.29.7 want: ^7.29.7
413 silly placeDep ROOT @babel/generator@7.29.7 OK for: @babel/core@7.29.7 want: ^7.29.7
414 silly placeDep ROOT @babel/helper-compilation-targets@7.29.7 OK for: @babel/core@7.29.7 want: ^7.29.7
415 silly placeDep ROOT @babel/helper-module-transforms@7.29.7 OK for: @babel/core@7.29.7 want: ^7.29.7
416 silly placeDep ROOT @babel/helpers@7.29.7 OK for: @babel/core@7.29.7 want: ^7.29.7
417 silly placeDep ROOT @babel/parser@7.29.7 OK for: @babel/core@7.29.7 want: ^7.29.7
418 silly placeDep ROOT @babel/template@7.29.7 OK for: @babel/core@7.29.7 want: ^7.29.7
419 silly placeDep ROOT @babel/traverse@7.29.7 OK for: @babel/core@7.29.7 want: ^7.29.7
420 silly placeDep ROOT @babel/types@7.29.7 OK for: @babel/core@7.29.7 want: ^7.29.7
421 silly placeDep ROOT @jridgewell/remapping@2.3.5 OK for: @babel/core@7.29.7 want: ^2.3.5
422 silly placeDep ROOT convert-source-map@2.0.0 OK for: @babel/core@7.29.7 want: ^2.0.0
423 silly placeDep ROOT debug@4.4.3 OK for: @babel/core@7.29.7 want: ^4.1.0
424 silly placeDep ROOT gensync@1.0.0-beta.2 OK for: @babel/core@7.29.7 want: ^1.0.0-beta.2
425 silly placeDep ROOT json5@2.2.3 OK for: @babel/core@7.29.7 want: ^2.2.3
426 silly placeDep ROOT semver@6.3.1 OK for: @babel/core@7.29.7 want: ^6.3.1
427 silly fetch manifest @babel/helper-validator-identifier@^7.29.7
428 silly packumentCache full:https://registry.npmjs.org/@babel%2fhelper-validator-identifier cache-miss
429 silly fetch manifest js-tokens@^4.0.0
430 silly packumentCache full:https://registry.npmjs.org/js-tokens cache-miss
431 silly fetch manifest @jridgewell/gen-mapping@^0.3.12
432 silly packumentCache full:https://registry.npmjs.org/@jridgewell%2fgen-mapping cache-miss
433 http fetch GET 200 https://registry.npmjs.org/js-tokens 166ms (cache miss)
434 silly packumentCache full:https://registry.npmjs.org/js-tokens set size:undefined disposed:false
435 silly fetch manifest @jridgewell/trace-mapping@^0.3.28
436 silly packumentCache full:https://registry.npmjs.org/@jridgewell%2ftrace-mapping cache-miss
437 http fetch GET 200 https://registry.npmjs.org/@babel%2fhelper-validator-identifier 248ms (cache miss)
438 silly packumentCache full:https://registry.npmjs.org/@babel%2fhelper-validator-identifier set size:undefined disposed:false
439 silly fetch manifest jsesc@^3.0.2
440 silly packumentCache full:https://registry.npmjs.org/jsesc cache-miss
441 http fetch GET 200 https://registry.npmjs.org/@jridgewell%2fgen-mapping 250ms (cache miss)
442 silly packumentCache full:https://registry.npmjs.org/@jridgewell%2fgen-mapping set size:undefined disposed:false
443 silly fetch manifest @babel/compat-data@^7.29.7
444 silly packumentCache full:https://registry.npmjs.org/@babel%2fcompat-data cache-miss
445 http fetch GET 200 https://registry.npmjs.org/@jridgewell%2ftrace-mapping 200ms (cache miss)
446 silly packumentCache full:https://registry.npmjs.org/@jridgewell%2ftrace-mapping set size:undefined disposed:false
447 silly fetch manifest @babel/helper-validator-option@^7.29.7
448 silly packumentCache full:https://registry.npmjs.org/@babel%2fhelper-validator-option cache-miss
449 http fetch GET 200 https://registry.npmjs.org/jsesc 155ms (cache miss)
450 silly packumentCache full:https://registry.npmjs.org/jsesc set size:undefined disposed:false
451 silly fetch manifest browserslist@^4.24.0
452 silly packumentCache full:https://registry.npmjs.org/browserslist cache-miss
453 http cache https://registry.npmjs.org/browserslist 11ms (cache hit)
454 silly packumentCache full:https://registry.npmjs.org/browserslist set size:504681 disposed:false
455 silly fetch manifest lru-cache@^5.1.1
456 silly packumentCache full:https://registry.npmjs.org/lru-cache cache-miss
457 http fetch GET 200 https://registry.npmjs.org/@babel%2fcompat-data 464ms (cache miss)
458 silly packumentCache full:https://registry.npmjs.org/@babel%2fcompat-data set size:undefined disposed:false
459 silly fetch manifest @babel/helper-module-imports@^7.29.7
460 silly packumentCache full:https://registry.npmjs.org/@babel%2fhelper-module-imports cache-miss
461 http fetch GET 200 https://registry.npmjs.org/@babel%2fhelper-validator-option 394ms (cache miss)
462 silly packumentCache full:https://registry.npmjs.org/@babel%2fhelper-validator-option set size:undefined disposed:false
463 silly fetch manifest @babel/helper-globals@^7.29.7
464 silly packumentCache full:https://registry.npmjs.org/@babel%2fhelper-globals cache-miss
465 http fetch GET 200 https://registry.npmjs.org/lru-cache 539ms (cache miss)
466 silly packumentCache full:https://registry.npmjs.org/lru-cache set size:undefined disposed:false
467 silly fetch manifest debug@^4.3.1
468 silly packumentCache full:https://registry.npmjs.org/debug cache-miss
469 http cache https://registry.npmjs.org/debug 8ms (cache hit)
470 silly packumentCache full:https://registry.npmjs.org/debug set size:195840 disposed:false
471 silly fetch manifest @babel/helper-string-parser@^7.29.7
472 silly packumentCache full:https://registry.npmjs.org/@babel%2fhelper-string-parser cache-miss
473 http fetch GET 200 https://registry.npmjs.org/@babel%2fhelper-module-imports 369ms (cache miss)
474 silly packumentCache full:https://registry.npmjs.org/@babel%2fhelper-module-imports set size:undefined disposed:false
475 silly fetch manifest @jridgewell/gen-mapping@^0.3.5
476 silly packumentCache full:https://registry.npmjs.org/@jridgewell%2fgen-mapping cache-miss
477 http fetch GET 200 https://registry.npmjs.org/@babel%2fhelper-globals 327ms (cache miss)
478 silly packumentCache full:https://registry.npmjs.org/@babel%2fhelper-globals set size:undefined disposed:false
479 silly fetch manifest @jridgewell/trace-mapping@^0.3.24
480 silly packumentCache full:https://registry.npmjs.org/@jridgewell%2ftrace-mapping cache-miss
481 http cache https://registry.npmjs.org/@jridgewell%2fgen-mapping 11ms (cache hit)
482 silly packumentCache full:https://registry.npmjs.org/@jridgewell%2fgen-mapping set size:75941 disposed:false
483 silly fetch manifest ms@^2.1.3
484 silly packumentCache full:https://registry.npmjs.org/ms cache-miss
485 http cache https://registry.npmjs.org/@jridgewell%2ftrace-mapping 14ms (cache hit)
486 silly packumentCache full:https://registry.npmjs.org/@jridgewell%2ftrace-mapping set size:170909 disposed:false
487 http fetch GET 200 https://registry.npmjs.org/@babel%2fhelper-string-parser 178ms (cache miss)
488 silly packumentCache full:https://registry.npmjs.org/@babel%2fhelper-string-parser set size:undefined disposed:false
489 http fetch GET 200 https://registry.npmjs.org/ms 134ms (cache miss)
490 silly packumentCache full:https://registry.npmjs.org/ms set size:undefined disposed:false
491 silly placeDep ROOT @babel/helper-validator-identifier@7.29.7 OK for: @babel/code-frame@7.29.7 want: ^7.29.7
492 silly placeDep ROOT js-tokens@4.0.0 OK for: @babel/code-frame@7.29.7 want: ^4.0.0
493 silly placeDep ROOT picocolors@1.1.1 OK for: @babel/code-frame@7.29.7 want: ^1.1.1
494 silly placeDep ROOT @jridgewell/gen-mapping@0.3.13 OK for: @babel/generator@7.29.7 want: ^0.3.12
495 silly placeDep ROOT @jridgewell/trace-mapping@0.3.31 OK for: @babel/generator@7.29.7 want: ^0.3.28
496 silly placeDep ROOT jsesc@3.1.0 OK for: @babel/generator@7.29.7 want: ^3.0.2
497 silly fetch manifest @jridgewell/sourcemap-codec@^1.5.0
498 silly packumentCache full:https://registry.npmjs.org/@jridgewell%2fsourcemap-codec cache-miss
499 silly fetch manifest @jridgewell/resolve-uri@^3.1.0
500 silly packumentCache full:https://registry.npmjs.org/@jridgewell%2fresolve-uri cache-miss
501 silly fetch manifest @jridgewell/sourcemap-codec@^1.4.14
502 silly packumentCache full:https://registry.npmjs.org/@jridgewell%2fsourcemap-codec cache-miss
503 http fetch GET 200 https://registry.npmjs.org/@jridgewell%2fsourcemap-codec 184ms (cache miss)
504 silly packumentCache full:https://registry.npmjs.org/@jridgewell%2fsourcemap-codec set size:undefined disposed:false
505 http fetch GET 200 https://registry.npmjs.org/@jridgewell%2fresolve-uri 204ms (cache miss)
506 silly packumentCache full:https://registry.npmjs.org/@jridgewell%2fresolve-uri set size:undefined disposed:false
507 http fetch GET 200 https://registry.npmjs.org/@jridgewell%2fsourcemap-codec 215ms (cache miss)
508 silly packumentCache full:https://registry.npmjs.org/@jridgewell%2fsourcemap-codec set size:undefined disposed:false
509 silly placeDep ROOT @babel/compat-data@7.29.7 OK for: @babel/helper-compilation-targets@7.29.7 want: ^7.29.7
510 silly placeDep ROOT @babel/helper-validator-option@7.29.7 OK for: @babel/helper-compilation-targets@7.29.7 want: ^7.29.7
511 silly placeDep ROOT browserslist@4.28.2 OK for: @babel/helper-compilation-targets@7.29.7 want: ^4.24.0
512 silly placeDep ROOT lru-cache@5.1.1 OK for: @babel/helper-compilation-targets@7.29.7 want: ^5.1.1
513 silly fetch manifest baseline-browser-mapping@^2.10.12
514 silly packumentCache full:https://registry.npmjs.org/baseline-browser-mapping cache-miss
515 silly fetch manifest caniuse-lite@^1.0.30001782
516 silly packumentCache full:https://registry.npmjs.org/caniuse-lite cache-miss
517 silly fetch manifest electron-to-chromium@^1.5.328
518 silly packumentCache full:https://registry.npmjs.org/electron-to-chromium cache-miss
519 http cache https://registry.npmjs.org/caniuse-lite 17ms (cache hit)
520 silly packumentCache full:https://registry.npmjs.org/caniuse-lite set size:2293068 disposed:false
521 silly fetch manifest node-releases@^2.0.36
522 silly packumentCache full:https://registry.npmjs.org/node-releases cache-miss
523 http fetch GET 200 https://registry.npmjs.org/node-releases 699ms (cache miss)
524 silly packumentCache full:https://registry.npmjs.org/node-releases set size:undefined disposed:false
525 silly fetch manifest update-browserslist-db@^1.2.3
526 silly packumentCache full:https://registry.npmjs.org/update-browserslist-db cache-miss
527 http fetch GET 200 https://registry.npmjs.org/baseline-browser-mapping 763ms (cache miss)
528 silly packumentCache full:https://registry.npmjs.org/baseline-browser-mapping set size:undefined disposed:false
529 silly fetch manifest yallist@^3.0.2
530 silly packumentCache full:https://registry.npmjs.org/yallist cache-miss
531 http fetch GET 200 https://registry.npmjs.org/yallist 545ms (cache miss)
532 silly packumentCache full:https://registry.npmjs.org/yallist set size:undefined disposed:false
533 http fetch GET 200 https://registry.npmjs.org/update-browserslist-db 589ms (cache miss)
534 silly packumentCache full:https://registry.npmjs.org/update-browserslist-db set size:undefined disposed:false
535 http fetch GET 200 https://registry.npmjs.org/electron-to-chromium 2396ms (cache miss)
536 silly packumentCache full:https://registry.npmjs.org/electron-to-chromium set size:undefined disposed:false
537 silly placeDep ROOT @babel/helper-module-imports@7.29.7 OK for: @babel/helper-module-transforms@7.29.7 want: ^7.29.7
538 silly placeDep ROOT @babel/helper-plugin-utils@7.29.7 OK for: @babel/plugin-transform-react-jsx-self@7.29.7 want: ^7.29.7
539 silly placeDep ROOT @babel/helper-globals@7.29.7 OK for: @babel/traverse@7.29.7 want: ^7.29.7
540 silly placeDep ROOT @babel/helper-string-parser@7.29.7 OK for: @babel/types@7.29.7 want: ^7.29.7
541 silly placeDep ROOT @jridgewell/sourcemap-codec@1.5.5 OK for: @jridgewell/gen-mapping@0.3.13 want: ^1.5.0
542 silly placeDep ROOT @jridgewell/resolve-uri@3.1.2 OK for: @jridgewell/trace-mapping@0.3.31 want: ^3.1.0
543 silly placeDep ROOT @types/babel__generator@7.27.0 OK for: @types/babel__core@7.20.5 want: *
544 silly placeDep ROOT @types/babel__template@7.4.4 OK for: @types/babel__core@7.20.5 want: *
545 silly placeDep ROOT @types/babel__traverse@7.28.0 OK for: @types/babel__core@7.20.5 want: *
546 silly placeDep ROOT caniuse-lite@1.0.30001793 OK for: autoprefixer@10.5.0 want: ^1.0.30001787
547 silly placeDep ROOT fraction.js@5.3.4 OK for: autoprefixer@10.5.0 want: ^5.3.4
548 silly placeDep ROOT postcss-value-parser@4.2.0 OK for: autoprefixer@10.5.0 want: ^4.2.0
549 silly fetch manifest browserslist@>= 4.21.0
550 silly packumentCache full:https://registry.npmjs.org/browserslist cache-hit
551 silly placeDep ROOT baseline-browser-mapping@2.10.33 OK for: browserslist@4.28.2 want: ^2.10.12
552 silly placeDep ROOT electron-to-chromium@1.5.365 OK for: browserslist@4.28.2 want: ^1.5.328
553 silly placeDep ROOT node-releases@2.0.47 OK for: browserslist@4.28.2 want: ^2.0.36
554 silly placeDep ROOT update-browserslist-db@1.2.3 OK for: browserslist@4.28.2 want: ^1.2.3
555 silly fetch manifest escalade@^3.2.0
556 silly packumentCache full:https://registry.npmjs.org/escalade cache-miss
557 http fetch GET 200 https://registry.npmjs.org/escalade 153ms (cache miss)
558 silly packumentCache full:https://registry.npmjs.org/escalade set size:undefined disposed:false
559 silly placeDep ROOT ms@2.1.3 OK for: debug@4.4.3 want: ^2.1.3
560 silly placeDep ROOT yallist@3.1.1 OK for: lru-cache@5.1.1 want: ^3.0.2
561 silly placeDep ROOT nanoid@3.3.12 OK for: postcss@8.5.15 want: ^3.3.12
562 silly placeDep ROOT source-map-js@1.2.1 OK for: postcss@8.5.15 want: ^1.2.1
563 silly placeDep ROOT scheduler@0.27.0 OK for: react-dom@19.2.7 want: ^0.27.0
564 silly fetch manifest react@>=18
565 silly packumentCache full:https://registry.npmjs.org/react cache-miss
566 http cache https://registry.npmjs.org/react 35ms (cache hit)
567 silly packumentCache full:https://registry.npmjs.org/react set size:6679468 disposed:false
568 silly fetch manifest react-dom@>=18
569 silly packumentCache full:https://registry.npmjs.org/react-dom cache-miss
570 http cache https://registry.npmjs.org/react-dom 47ms (cache hit)
571 silly packumentCache full:https://registry.npmjs.org/react-dom set size:8915576 disposed:false
572 silly placeDep ROOT react-router@7.16.0 OK for: react-router-dom@7.16.0 want: 7.16.0
573 silly fetch manifest cookie@^1.0.1
574 silly packumentCache full:https://registry.npmjs.org/cookie cache-miss
575 silly fetch manifest set-cookie-parser@^2.6.0
576 silly packumentCache full:https://registry.npmjs.org/set-cookie-parser cache-miss
577 http fetch GET 200 https://registry.npmjs.org/set-cookie-parser 176ms (cache miss)
578 silly packumentCache full:https://registry.npmjs.org/set-cookie-parser set size:undefined disposed:false
579 http fetch GET 200 https://registry.npmjs.org/cookie 181ms (cache miss)
580 silly packumentCache full:https://registry.npmjs.org/cookie set size:undefined disposed:false
581 silly placeDep ROOT cookie@1.1.1 OK for: react-router@7.16.0 want: ^1.0.1
582 silly placeDep ROOT set-cookie-parser@2.7.2 OK for: react-router@7.16.0 want: ^2.6.0
583 silly fetch manifest react@^16.0.0 || ^17.0.0 || ^18.0.0 || ^19.0.0
584 silly packumentCache full:https://registry.npmjs.org/react cache-miss
585 http cache https://registry.npmjs.org/react 39ms (cache hit)
586 silly packumentCache full:https://registry.npmjs.org/react set size:6679468 disposed:false
587 silly fetch manifest react-dom@^16.0.0 || ^17.0.0 || ^18.0.0 || ^19.0.0
588 silly packumentCache full:https://registry.npmjs.org/react-dom cache-miss
589 http cache https://registry.npmjs.org/react-dom 66ms (cache hit)
590 silly packumentCache full:https://registry.npmjs.org/react-dom set size:8915576 disposed:false
591 silly placeDep ROOT clsx@2.1.1 OK for: recharts@2.15.4 want: ^2.0.0
592 silly placeDep ROOT eventemitter3@4.0.7 OK for: recharts@2.15.4 want: ^4.0.1
593 silly placeDep ROOT lodash@4.18.1 OK for: recharts@2.15.4 want: ^4.17.21
594 silly placeDep ROOT react-is@18.3.1 OK for: recharts@2.15.4 want: ^18.3.1
595 silly placeDep ROOT react-smooth@4.0.4 OK for: recharts@2.15.4 want: ^4.0.4
596 silly placeDep ROOT recharts-scale@0.4.5 OK for: recharts@2.15.4 want: ^0.4.4
597 silly placeDep ROOT tiny-invariant@1.3.3 OK for: recharts@2.15.4 want: ^1.3.1
598 silly placeDep ROOT victory-vendor@36.9.2 OK for: recharts@2.15.4 want: ^36.6.8
599 silly fetch manifest fast-equals@^5.0.1
600 silly packumentCache full:https://registry.npmjs.org/fast-equals cache-miss
601 silly fetch manifest prop-types@^15.8.1
602 silly packumentCache full:https://registry.npmjs.org/prop-types cache-miss
603 silly fetch manifest react-transition-group@^4.4.5
604 silly packumentCache full:https://registry.npmjs.org/react-transition-group cache-miss
605 http fetch GET 200 https://registry.npmjs.org/prop-types 204ms (cache miss)
606 silly packumentCache full:https://registry.npmjs.org/prop-types set size:undefined disposed:false
607 silly fetch manifest decimal.js-light@^2.4.1
608 silly packumentCache full:https://registry.npmjs.org/decimal.js-light cache-miss
609 http fetch GET 200 https://registry.npmjs.org/react-transition-group 219ms (cache miss)
610 silly packumentCache full:https://registry.npmjs.org/react-transition-group set size:undefined disposed:false
611 silly fetch manifest d3-ease@^3.0.1
612 silly packumentCache full:https://registry.npmjs.org/d3-ease cache-miss
613 http fetch GET 200 https://registry.npmjs.org/fast-equals 229ms (cache miss)
614 silly packumentCache full:https://registry.npmjs.org/fast-equals set size:undefined disposed:false
615 silly fetch manifest d3-time@^3.0.0
616 silly packumentCache full:https://registry.npmjs.org/d3-time cache-miss
617 http fetch GET 200 https://registry.npmjs.org/d3-ease 188ms (cache miss)
618 silly packumentCache full:https://registry.npmjs.org/d3-ease set size:undefined disposed:false
619 silly fetch manifest d3-array@^3.1.6
620 silly packumentCache full:https://registry.npmjs.org/d3-array cache-miss
621 http fetch GET 200 https://registry.npmjs.org/d3-array 364ms (cache miss)
622 silly packumentCache full:https://registry.npmjs.org/d3-array set size:undefined disposed:false
623 silly fetch manifest d3-scale@^4.0.2
624 silly packumentCache full:https://registry.npmjs.org/d3-scale cache-miss
625 http fetch GET 200 https://registry.npmjs.org/decimal.js-light 618ms (cache miss)
626 silly packumentCache full:https://registry.npmjs.org/decimal.js-light set size:undefined disposed:false
627 silly fetch manifest d3-shape@^3.1.0
628 silly packumentCache full:https://registry.npmjs.org/d3-shape cache-miss
629 http fetch GET 200 https://registry.npmjs.org/d3-time 646ms (cache miss)
630 silly packumentCache full:https://registry.npmjs.org/d3-time set size:undefined disposed:false
631 silly fetch manifest d3-timer@^3.0.1
632 silly packumentCache full:https://registry.npmjs.org/d3-timer cache-miss
633 http fetch GET 200 https://registry.npmjs.org/d3-scale 253ms (cache miss)
634 silly packumentCache full:https://registry.npmjs.org/d3-scale set size:undefined disposed:false
635 silly fetch manifest @types/d3-ease@^3.0.0
636 silly packumentCache full:https://registry.npmjs.org/@types%2fd3-ease cache-miss
637 http fetch GET 200 https://registry.npmjs.org/d3-timer 196ms (cache miss)
638 silly packumentCache full:https://registry.npmjs.org/d3-timer set size:undefined disposed:false
639 silly fetch manifest @types/d3-time@^3.0.0
640 silly packumentCache full:https://registry.npmjs.org/@types%2fd3-time cache-miss
641 http fetch GET 200 https://registry.npmjs.org/d3-shape 276ms (cache miss)
642 silly packumentCache full:https://registry.npmjs.org/d3-shape set size:undefined disposed:false
643 silly fetch manifest d3-interpolate@^3.0.1
644 silly packumentCache full:https://registry.npmjs.org/d3-interpolate cache-miss
645 http fetch GET 200 https://registry.npmjs.org/@types%2fd3-ease 166ms (cache miss)
646 silly packumentCache full:https://registry.npmjs.org/@types%2fd3-ease set size:undefined disposed:false
647 silly fetch manifest @types/d3-array@^3.0.3
648 silly packumentCache full:https://registry.npmjs.org/@types%2fd3-array cache-miss
649 http fetch GET 200 https://registry.npmjs.org/@types%2fd3-time 176ms (cache miss)
650 silly packumentCache full:https://registry.npmjs.org/@types%2fd3-time set size:undefined disposed:false
651 silly fetch manifest @types/d3-scale@^4.0.2
652 silly packumentCache full:https://registry.npmjs.org/@types%2fd3-scale cache-miss
653 http fetch GET 200 https://registry.npmjs.org/d3-interpolate 193ms (cache miss)
654 silly packumentCache full:https://registry.npmjs.org/d3-interpolate set size:undefined disposed:false
655 silly fetch manifest @types/d3-shape@^3.1.0
656 silly packumentCache full:https://registry.npmjs.org/@types%2fd3-shape cache-miss
657 http fetch GET 200 https://registry.npmjs.org/@types%2fd3-shape 184ms (cache miss)
658 silly packumentCache full:https://registry.npmjs.org/@types%2fd3-shape set size:undefined disposed:false
659 silly fetch manifest @types/d3-timer@^3.0.0
660 silly packumentCache full:https://registry.npmjs.org/@types%2fd3-timer cache-miss
661 http fetch GET 200 https://registry.npmjs.org/@types%2fd3-timer 155ms (cache miss)
662 silly packumentCache full:https://registry.npmjs.org/@types%2fd3-timer set size:undefined disposed:false
663 silly fetch manifest @types/d3-interpolate@^3.0.1
664 silly packumentCache full:https://registry.npmjs.org/@types%2fd3-interpolate cache-miss
665 http fetch GET 200 https://registry.npmjs.org/@types%2fd3-array 438ms (cache miss)
666 silly packumentCache full:https://registry.npmjs.org/@types%2fd3-array set size:undefined disposed:false
667 http fetch GET 200 https://registry.npmjs.org/@types%2fd3-scale 454ms (cache miss)
668 silly packumentCache full:https://registry.npmjs.org/@types%2fd3-scale set size:undefined disposed:false
669 http fetch GET 200 https://registry.npmjs.org/@types%2fd3-interpolate 155ms (cache miss)
670 silly packumentCache full:https://registry.npmjs.org/@types%2fd3-interpolate set size:undefined disposed:false
671 silly fetch manifest react@^16.8.0 || ^17.0.0 || ^18.0.0 || ^19.0.0
672 silly packumentCache full:https://registry.npmjs.org/react cache-miss
673 http cache https://registry.npmjs.org/react 32ms (cache hit)
674 silly packumentCache full:https://registry.npmjs.org/react set size:6679468 disposed:false
675 silly fetch manifest react-dom@^16.8.0 || ^17.0.0 || ^18.0.0 || ^19.0.0
676 silly packumentCache full:https://registry.npmjs.org/react-dom cache-miss
677 http cache https://registry.npmjs.org/react-dom 74ms (cache hit)
678 silly packumentCache full:https://registry.npmjs.org/react-dom set size:8915576 disposed:false
679 silly placeDep ROOT fast-equals@5.4.0 OK for: react-smooth@4.0.4 want: ^5.0.1
680 silly placeDep ROOT prop-types@15.8.1 OK for: react-smooth@4.0.4 want: ^15.8.1
681 silly placeDep ROOT react-transition-group@4.4.5 OK for: react-smooth@4.0.4 want: ^4.4.5
682 silly fetch manifest loose-envify@^1.4.0
683 silly packumentCache full:https://registry.npmjs.org/loose-envify cache-miss
684 silly fetch manifest object-assign@^4.1.1
685 silly packumentCache full:https://registry.npmjs.org/object-assign cache-miss
686 silly fetch manifest react-is@^16.13.1
687 silly packumentCache full:https://registry.npmjs.org/react-is cache-miss
688 http cache https://registry.npmjs.org/react-is 53ms (cache hit)
689 silly packumentCache full:https://registry.npmjs.org/react-is set size:5404124 disposed:false
690 silly fetch manifest @babel/runtime@^7.5.5
691 silly packumentCache full:https://registry.npmjs.org/@babel%2fruntime cache-miss
692 http fetch GET 200 https://registry.npmjs.org/loose-envify 171ms (cache miss)
693 silly packumentCache full:https://registry.npmjs.org/loose-envify set size:undefined disposed:false
694 silly fetch manifest dom-helpers@^5.0.1
695 silly packumentCache full:https://registry.npmjs.org/dom-helpers cache-miss
696 http fetch GET 200 https://registry.npmjs.org/object-assign 185ms (cache miss)
697 silly packumentCache full:https://registry.npmjs.org/object-assign set size:undefined disposed:false
698 http fetch GET 200 https://registry.npmjs.org/dom-helpers 160ms (cache miss)
699 silly packumentCache full:https://registry.npmjs.org/dom-helpers set size:undefined disposed:false
700 http fetch GET 200 https://registry.npmjs.org/@babel%2fruntime 973ms (cache miss)
701 silly packumentCache full:https://registry.npmjs.org/@babel%2fruntime set size:undefined disposed:false
702 silly placeDep ROOT loose-envify@1.4.0 OK for: prop-types@15.8.1 want: ^1.4.0
703 silly placeDep ROOT object-assign@4.1.1 OK for: prop-types@15.8.1 want: ^4.1.1
704 silly placeDep node_modules/prop-types react-is@16.13.1 OK for: prop-types@15.8.1 want: ^16.13.1
705 silly placeDep ROOT @babel/runtime@7.29.7 OK for: react-transition-group@4.4.5 want: ^7.5.5
706 silly placeDep ROOT dom-helpers@5.2.1 OK for: react-transition-group@4.4.5 want: ^5.0.1
707 silly fetch manifest csstype@^3.0.2
708 silly packumentCache full:https://registry.npmjs.org/csstype cache-miss
709 http fetch GET 200 https://registry.npmjs.org/csstype 272ms (cache miss)
710 silly packumentCache full:https://registry.npmjs.org/csstype set size:undefined disposed:false
711 silly placeDep ROOT csstype@3.2.3 OK for: dom-helpers@5.2.1 want: ^3.0.2
712 silly placeDep ROOT decimal.js-light@2.5.1 OK for: recharts-scale@0.4.5 want: ^2.4.1
713 silly fetch manifest postcss@^8.4.47
714 silly packumentCache full:https://registry.npmjs.org/postcss cache-hit
715 silly placeDep ROOT @alloc/quick-lru@5.2.0 OK for: tailwindcss@3.4.19 want: ^5.2.0
716 silly placeDep ROOT arg@5.0.2 OK for: tailwindcss@3.4.19 want: ^5.0.2
717 silly placeDep ROOT chokidar@3.6.0 OK for: tailwindcss@3.4.19 want: ^3.6.0
718 silly placeDep ROOT didyoumean@1.2.2 OK for: tailwindcss@3.4.19 want: ^1.2.2
719 silly placeDep ROOT dlv@1.1.3 OK for: tailwindcss@3.4.19 want: ^1.1.3
720 silly placeDep ROOT fast-glob@3.3.3 OK for: tailwindcss@3.4.19 want: ^3.3.2
721 silly placeDep ROOT glob-parent@6.0.2 OK for: tailwindcss@3.4.19 want: ^6.0.2
722 silly placeDep ROOT is-glob@4.0.3 OK for: tailwindcss@3.4.19 want: ^4.0.3
723 silly placeDep ROOT jiti@1.21.7 OK for: tailwindcss@3.4.19 want: ^1.21.7
724 silly placeDep ROOT lilconfig@3.1.3 OK for: tailwindcss@3.4.19 want: ^3.1.3
725 silly placeDep ROOT micromatch@4.0.8 OK for: tailwindcss@3.4.19 want: ^4.0.8
726 silly placeDep ROOT normalize-path@3.0.0 OK for: tailwindcss@3.4.19 want: ^3.0.0
727 silly placeDep ROOT object-hash@3.0.0 OK for: tailwindcss@3.4.19 want: ^3.0.0
728 silly placeDep ROOT postcss-import@15.1.0 OK for: tailwindcss@3.4.19 want: ^15.1.0
729 silly placeDep ROOT postcss-js@4.1.0 OK for: tailwindcss@3.4.19 want: ^4.0.1
730 silly placeDep ROOT postcss-load-config@6.0.1 OK for: tailwindcss@3.4.19 want: ^4.0.2 || ^5.0 || ^6.0
731 silly placeDep ROOT postcss-nested@6.2.0 OK for: tailwindcss@3.4.19 want: ^6.2.0
732 silly placeDep ROOT postcss-selector-parser@6.1.2 OK for: tailwindcss@3.4.19 want: ^6.1.2
733 silly placeDep ROOT resolve@1.22.12 OK for: tailwindcss@3.4.19 want: ^1.22.8
734 silly placeDep ROOT sucrase@3.35.1 OK for: tailwindcss@3.4.19 want: ^3.35.0
735 silly fetch manifest braces@~3.0.2
736 silly packumentCache full:https://registry.npmjs.org/braces cache-miss
737 silly fetch manifest is-glob@~4.0.1
738 silly packumentCache full:https://registry.npmjs.org/is-glob cache-miss
739 silly fetch manifest anymatch@~3.1.2
740 silly packumentCache full:https://registry.npmjs.org/anymatch cache-miss
741 http cache https://registry.npmjs.org/is-glob 14ms (cache hit)
742 silly packumentCache full:https://registry.npmjs.org/is-glob set size:40530 disposed:false
743 silly fetch manifest readdirp@~3.6.0
744 silly packumentCache full:https://registry.npmjs.org/readdirp cache-miss
745 http fetch GET 200 https://registry.npmjs.org/braces 168ms (cache miss)
746 silly packumentCache full:https://registry.npmjs.org/braces set size:undefined disposed:false
747 silly fetch manifest glob-parent@~5.1.2
748 silly packumentCache full:https://registry.npmjs.org/glob-parent cache-miss
749 http cache https://registry.npmjs.org/glob-parent 6ms (cache hit)
750 silly packumentCache full:https://registry.npmjs.org/glob-parent set size:42445 disposed:false
751 silly fetch manifest is-binary-path@~2.1.0
752 silly packumentCache full:https://registry.npmjs.org/is-binary-path cache-miss
753 http fetch GET 200 https://registry.npmjs.org/anymatch 223ms (cache miss)
754 silly packumentCache full:https://registry.npmjs.org/anymatch set size:undefined disposed:false
755 silly fetch manifest normalize-path@~3.0.0
756 silly packumentCache full:https://registry.npmjs.org/normalize-path cache-miss
757 http cache https://registry.npmjs.org/normalize-path 8ms (cache hit)
758 silly packumentCache full:https://registry.npmjs.org/normalize-path set size:28713 disposed:false
759 silly fetch manifest fsevents@~2.3.2
760 silly packumentCache full:https://registry.npmjs.org/fsevents cache-miss
761 http cache https://registry.npmjs.org/fsevents 53ms (cache hit)
762 silly packumentCache full:https://registry.npmjs.org/fsevents set size:182472 disposed:false
763 silly fetch manifest @nodelib/fs.stat@^2.0.2
764 silly packumentCache full:https://registry.npmjs.org/@nodelib%2ffs.stat cache-miss
765 http fetch GET 200 https://registry.npmjs.org/readdirp 280ms (cache miss)
766 silly packumentCache full:https://registry.npmjs.org/readdirp set size:undefined disposed:false
767 silly fetch manifest @nodelib/fs.walk@^1.2.3
768 silly packumentCache full:https://registry.npmjs.org/@nodelib%2ffs.walk cache-miss
769 http fetch GET 200 https://registry.npmjs.org/is-binary-path 160ms (cache miss)
770 silly packumentCache full:https://registry.npmjs.org/is-binary-path set size:undefined disposed:false
771 silly fetch manifest glob-parent@^5.1.2
772 silly packumentCache full:https://registry.npmjs.org/glob-parent cache-hit
773 silly fetch manifest merge2@^1.3.0
774 silly packumentCache full:https://registry.npmjs.org/merge2 cache-miss
775 http fetch GET 200 https://registry.npmjs.org/@nodelib%2ffs.stat 185ms (cache miss)
776 silly packumentCache full:https://registry.npmjs.org/@nodelib%2ffs.stat set size:undefined disposed:false
777 silly fetch manifest is-extglob@^2.1.1
778 silly packumentCache full:https://registry.npmjs.org/is-extglob cache-miss
779 http fetch GET 200 https://registry.npmjs.org/@nodelib%2ffs.walk 185ms (cache miss)
780 silly packumentCache full:https://registry.npmjs.org/@nodelib%2ffs.walk set size:undefined disposed:false
781 silly fetch manifest braces@^3.0.3
782 silly packumentCache full:https://registry.npmjs.org/braces cache-miss
783 http cache https://registry.npmjs.org/braces 6ms (cache hit)
784 silly packumentCache full:https://registry.npmjs.org/braces set size:114529 disposed:false
785 silly fetch manifest picomatch@^2.3.1
786 silly packumentCache full:https://registry.npmjs.org/picomatch cache-miss
787 http cache https://registry.npmjs.org/picomatch 9ms (cache hit)
788 silly packumentCache full:https://registry.npmjs.org/picomatch set size:126376 disposed:false
789 silly fetch manifest resolve@^1.1.7
790 silly packumentCache full:https://registry.npmjs.org/resolve cache-miss
791 http cache https://registry.npmjs.org/resolve 9ms (cache hit)
792 silly packumentCache full:https://registry.npmjs.org/resolve set size:244568 disposed:false
793 silly fetch manifest read-cache@^1.0.0
794 silly packumentCache full:https://registry.npmjs.org/read-cache cache-miss
795 http fetch GET 200 https://registry.npmjs.org/is-extglob 133ms (cache miss)
796 silly packumentCache full:https://registry.npmjs.org/is-extglob set size:undefined disposed:false
797 silly fetch manifest camelcase-css@^2.0.1
798 silly packumentCache full:https://registry.npmjs.org/camelcase-css cache-miss
799 http fetch GET 200 https://registry.npmjs.org/read-cache 144ms (cache miss)
800 silly packumentCache full:https://registry.npmjs.org/read-cache set size:undefined disposed:false
801 silly fetch manifest postcss-selector-parser@^6.1.1
802 silly packumentCache full:https://registry.npmjs.org/postcss-selector-parser cache-miss
803 http cache https://registry.npmjs.org/postcss-selector-parser 6ms (cache hit)
804 silly packumentCache full:https://registry.npmjs.org/postcss-selector-parser set size:177140 disposed:false
805 silly fetch manifest cssesc@^3.0.0
806 silly packumentCache full:https://registry.npmjs.org/cssesc cache-miss
807 http fetch GET 200 https://registry.npmjs.org/merge2 445ms (cache miss)
808 silly packumentCache full:https://registry.npmjs.org/merge2 set size:undefined disposed:false
809 silly fetch manifest util-deprecate@^1.0.2
810 silly packumentCache full:https://registry.npmjs.org/util-deprecate cache-miss
811 http fetch GET 200 https://registry.npmjs.org/camelcase-css 180ms (cache miss)
812 silly packumentCache full:https://registry.npmjs.org/camelcase-css set size:undefined disposed:false
813 silly fetch manifest es-errors@^1.3.0
814 silly packumentCache full:https://registry.npmjs.org/es-errors cache-miss
815 http fetch GET 200 https://registry.npmjs.org/cssesc 276ms (cache miss)
816 silly packumentCache full:https://registry.npmjs.org/cssesc set size:undefined disposed:false
817 silly fetch manifest path-parse@^1.0.7
818 silly packumentCache full:https://registry.npmjs.org/path-parse cache-miss
819 http fetch GET 200 https://registry.npmjs.org/util-deprecate 192ms (cache miss)
820 silly packumentCache full:https://registry.npmjs.org/util-deprecate set size:undefined disposed:false
821 silly fetch manifest is-core-module@^2.16.1
822 silly packumentCache full:https://registry.npmjs.org/is-core-module cache-miss
823 http fetch GET 200 https://registry.npmjs.org/es-errors 224ms (cache miss)
824 silly packumentCache full:https://registry.npmjs.org/es-errors set size:undefined disposed:false
825 silly fetch manifest supports-preserve-symlinks-flag@^1.0.0
826 silly packumentCache full:https://registry.npmjs.org/supports-preserve-symlinks-flag cache-miss
827 http fetch GET 200 https://registry.npmjs.org/path-parse 139ms (cache miss)
828 silly packumentCache full:https://registry.npmjs.org/path-parse set size:undefined disposed:false
829 silly fetch manifest commander@^4.0.0
830 silly packumentCache full:https://registry.npmjs.org/commander cache-miss
831 http fetch GET 200 https://registry.npmjs.org/is-core-module 225ms (cache miss)
832 silly packumentCache full:https://registry.npmjs.org/is-core-module set size:undefined disposed:false
833 silly fetch manifest lines-and-columns@^1.1.6
834 silly packumentCache full:https://registry.npmjs.org/lines-and-columns cache-miss
835 http fetch GET 200 https://registry.npmjs.org/supports-preserve-symlinks-flag 200ms (cache miss)
836 silly packumentCache full:https://registry.npmjs.org/supports-preserve-symlinks-flag set size:undefined disposed:false
837 silly fetch manifest mz@^2.7.0
838 silly packumentCache full:https://registry.npmjs.org/mz cache-miss
839 http fetch GET 200 https://registry.npmjs.org/lines-and-columns 284ms (cache miss)
840 silly packumentCache full:https://registry.npmjs.org/lines-and-columns set size:undefined disposed:false
841 silly fetch manifest pirates@^4.0.1
842 silly packumentCache full:https://registry.npmjs.org/pirates cache-miss
843 http fetch GET 200 https://registry.npmjs.org/commander 405ms (cache miss)
844 silly packumentCache full:https://registry.npmjs.org/commander set size:undefined disposed:false
845 silly fetch manifest tinyglobby@^0.2.11
846 silly packumentCache full:https://registry.npmjs.org/tinyglobby cache-miss
847 http cache https://registry.npmjs.org/tinyglobby 11ms (cache hit)
848 silly packumentCache full:https://registry.npmjs.org/tinyglobby set size:54291 disposed:false
849 silly fetch manifest ts-interface-checker@^0.1.9
850 silly packumentCache full:https://registry.npmjs.org/ts-interface-checker cache-miss
851 http fetch GET 200 https://registry.npmjs.org/mz 317ms (cache miss)
852 silly packumentCache full:https://registry.npmjs.org/mz set size:undefined disposed:false
853 http fetch GET 200 https://registry.npmjs.org/pirates 204ms (cache miss)
854 silly packumentCache full:https://registry.npmjs.org/pirates set size:undefined disposed:false
855 http fetch GET 200 https://registry.npmjs.org/ts-interface-checker 186ms (cache miss)
856 silly packumentCache full:https://registry.npmjs.org/ts-interface-checker set size:undefined disposed:false
857 silly placeDep ROOT anymatch@3.1.3 OK for: chokidar@3.6.0 want: ~3.1.2
858 silly placeDep ROOT braces@3.0.3 OK for: chokidar@3.6.0 want: ~3.0.2
859 silly placeDep ROOT fsevents@2.3.3 OK for: chokidar@3.6.0 want: ~2.3.2
860 silly placeDep node_modules/chokidar glob-parent@5.1.2 OK for: chokidar@3.6.0 want: ~5.1.2
861 silly placeDep ROOT is-binary-path@2.1.0 OK for: chokidar@3.6.0 want: ~2.1.0
862 silly placeDep ROOT readdirp@3.6.0 OK for: chokidar@3.6.0 want: ~3.6.0
863 silly fetch manifest picomatch@^2.0.4
864 silly packumentCache full:https://registry.npmjs.org/picomatch cache-hit
865 silly fetch manifest fill-range@^7.1.1
866 silly packumentCache full:https://registry.npmjs.org/fill-range cache-miss
867 silly fetch manifest binary-extensions@^2.0.0
868 silly packumentCache full:https://registry.npmjs.org/binary-extensions cache-miss
869 silly fetch manifest picomatch@^2.2.1
870 silly packumentCache full:https://registry.npmjs.org/picomatch cache-hit
871 http fetch GET 200 https://registry.npmjs.org/binary-extensions 162ms (cache miss)
872 silly packumentCache full:https://registry.npmjs.org/binary-extensions set size:undefined disposed:false
873 http fetch GET 200 https://registry.npmjs.org/fill-range 220ms (cache miss)
874 silly packumentCache full:https://registry.npmjs.org/fill-range set size:undefined disposed:false
875 silly placeDep ROOT picomatch@2.3.2 OK for: anymatch@3.1.3 want: ^2.0.4
876 silly placeDep ROOT fill-range@7.1.1 OK for: braces@3.0.3 want: ^7.1.1
877 silly fetch manifest to-regex-range@^5.0.1
878 silly packumentCache full:https://registry.npmjs.org/to-regex-range cache-miss
879 http fetch GET 200 https://registry.npmjs.org/to-regex-range 197ms (cache miss)
880 silly packumentCache full:https://registry.npmjs.org/to-regex-range set size:undefined disposed:false
881 silly placeDep ROOT @nodelib/fs.stat@2.0.5 OK for: fast-glob@3.3.3 want: ^2.0.2
882 silly placeDep ROOT @nodelib/fs.walk@1.2.8 OK for: fast-glob@3.3.3 want: ^1.2.3
883 silly placeDep node_modules/fast-glob glob-parent@5.1.2 OK for: fast-glob@3.3.3 want: ^5.1.2
884 silly placeDep ROOT merge2@1.4.1 OK for: fast-glob@3.3.3 want: ^1.3.0
885 silly fetch manifest fastq@^1.6.0
886 silly packumentCache full:https://registry.npmjs.org/fastq cache-miss
887 silly fetch manifest @nodelib/fs.scandir@2.1.5
888 silly packumentCache full:https://registry.npmjs.org/@nodelib%2ffs.scandir cache-miss
889 http fetch GET 200 https://registry.npmjs.org/fastq 137ms (cache miss)
890 silly packumentCache full:https://registry.npmjs.org/fastq set size:undefined disposed:false
891 http fetch GET 200 https://registry.npmjs.org/@nodelib%2ffs.scandir 437ms (cache miss)
892 silly packumentCache full:https://registry.npmjs.org/@nodelib%2ffs.scandir set size:undefined disposed:false
893 silly placeDep ROOT @nodelib/fs.scandir@2.1.5 OK for: @nodelib/fs.walk@1.2.8 want: 2.1.5
894 silly placeDep ROOT fastq@1.20.1 OK for: @nodelib/fs.walk@1.2.8 want: ^1.6.0
895 silly fetch manifest run-parallel@^1.1.9
896 silly packumentCache full:https://registry.npmjs.org/run-parallel cache-miss
897 silly fetch manifest reusify@^1.0.4
898 silly packumentCache full:https://registry.npmjs.org/reusify cache-miss
899 http fetch GET 200 https://registry.npmjs.org/reusify 391ms (cache miss)
900 silly packumentCache full:https://registry.npmjs.org/reusify set size:undefined disposed:false
901 http fetch GET 200 https://registry.npmjs.org/run-parallel 402ms (cache miss)
902 silly packumentCache full:https://registry.npmjs.org/run-parallel set size:undefined disposed:false
903 silly placeDep ROOT run-parallel@1.2.0 OK for: @nodelib/fs.scandir@2.1.5 want: ^1.1.9
904 silly fetch manifest queue-microtask@^1.2.2
905 silly packumentCache full:https://registry.npmjs.org/queue-microtask cache-miss
906 http fetch GET 200 https://registry.npmjs.org/queue-microtask 350ms (cache miss)
907 silly packumentCache full:https://registry.npmjs.org/queue-microtask set size:undefined disposed:false
908 silly placeDep ROOT reusify@1.1.0 OK for: fastq@1.20.1 want: ^1.0.4
909 silly placeDep ROOT to-regex-range@5.0.1 OK for: fill-range@7.1.1 want: ^5.0.1
910 silly fetch manifest is-number@^7.0.0
911 silly packumentCache full:https://registry.npmjs.org/is-number cache-miss
912 http fetch GET 200 https://registry.npmjs.org/is-number 150ms (cache miss)
913 silly packumentCache full:https://registry.npmjs.org/is-number set size:undefined disposed:false
914 silly placeDep ROOT binary-extensions@2.3.0 OK for: is-binary-path@2.1.0 want: ^2.0.0
915 silly placeDep ROOT is-extglob@2.1.1 OK for: is-glob@4.0.3 want: ^2.1.1
916 silly placeDep ROOT read-cache@1.0.0 OK for: postcss-import@15.1.0 want: ^1.0.0
917 silly fetch manifest pify@^2.3.0
918 silly packumentCache full:https://registry.npmjs.org/pify cache-miss
919 http fetch GET 200 https://registry.npmjs.org/pify 191ms (cache miss)
920 silly packumentCache full:https://registry.npmjs.org/pify set size:undefined disposed:false
921 silly placeDep ROOT camelcase-css@2.0.1 OK for: postcss-js@4.1.0 want: ^2.0.1
922 silly placeDep ROOT cssesc@3.0.0 OK for: postcss-selector-parser@6.1.2 want: ^3.0.0
923 silly placeDep ROOT util-deprecate@1.0.2 OK for: postcss-selector-parser@6.1.2 want: ^1.0.2
924 silly placeDep ROOT pify@2.3.0 OK for: read-cache@1.0.0 want: ^2.3.0
925 silly placeDep ROOT es-errors@1.3.0 OK for: resolve@1.22.12 want: ^1.3.0
926 silly placeDep ROOT is-core-module@2.16.2 OK for: resolve@1.22.12 want: ^2.16.1
927 silly placeDep ROOT path-parse@1.0.7 OK for: resolve@1.22.12 want: ^1.0.7
928 silly placeDep ROOT supports-preserve-symlinks-flag@1.0.0 OK for: resolve@1.22.12 want: ^1.0.0
929 silly fetch manifest hasown@^2.0.3
930 silly packumentCache full:https://registry.npmjs.org/hasown cache-miss
931 http fetch GET 200 https://registry.npmjs.org/hasown 126ms (cache miss)
932 silly packumentCache full:https://registry.npmjs.org/hasown set size:undefined disposed:false
933 silly placeDep ROOT hasown@2.0.4 OK for: is-core-module@2.16.2 want: ^2.0.3
934 silly fetch manifest function-bind@^1.1.2
935 silly packumentCache full:https://registry.npmjs.org/function-bind cache-miss
936 http fetch GET 200 https://registry.npmjs.org/function-bind 126ms (cache miss)
937 silly packumentCache full:https://registry.npmjs.org/function-bind set size:undefined disposed:false
938 silly placeDep ROOT function-bind@1.1.2 OK for: hasown@2.0.4 want: ^1.1.2
939 silly placeDep ROOT queue-microtask@1.2.3 OK for: run-parallel@1.2.0 want: ^1.2.2
940 silly placeDep ROOT commander@4.1.1 OK for: sucrase@3.35.1 want: ^4.0.0
941 silly placeDep ROOT lines-and-columns@1.2.4 OK for: sucrase@3.35.1 want: ^1.1.6
942 silly placeDep ROOT mz@2.7.0 OK for: sucrase@3.35.1 want: ^2.7.0
943 silly placeDep ROOT pirates@4.0.7 OK for: sucrase@3.35.1 want: ^4.0.1
944 silly placeDep ROOT tinyglobby@0.2.17 OK for: sucrase@3.35.1 want: ^0.2.11
945 silly placeDep ROOT ts-interface-checker@0.1.13 OK for: sucrase@3.35.1 want: ^0.1.9
946 silly fetch manifest any-promise@^1.0.0
947 silly packumentCache full:https://registry.npmjs.org/any-promise cache-miss
948 silly fetch manifest thenify-all@^1.0.0
949 silly packumentCache full:https://registry.npmjs.org/thenify-all cache-miss
950 silly fetch manifest fdir@^6.5.0
951 silly packumentCache full:https://registry.npmjs.org/fdir cache-miss
952 http cache https://registry.npmjs.org/fdir 14ms (cache hit)
953 silly packumentCache full:https://registry.npmjs.org/fdir set size:136182 disposed:false
954 silly fetch manifest picomatch@^4.0.4
955 silly packumentCache full:https://registry.npmjs.org/picomatch cache-hit
956 http fetch GET 200 https://registry.npmjs.org/any-promise 163ms (cache miss)
957 silly packumentCache full:https://registry.npmjs.org/any-promise set size:undefined disposed:false
958 http fetch GET 200 https://registry.npmjs.org/thenify-all 179ms (cache miss)
959 silly packumentCache full:https://registry.npmjs.org/thenify-all set size:undefined disposed:false
960 silly placeDep ROOT any-promise@1.3.0 OK for: mz@2.7.0 want: ^1.0.0
961 silly placeDep ROOT thenify-all@1.6.0 OK for: mz@2.7.0 want: ^1.0.0
962 silly fetch manifest thenify@>= 3.1.0 < 4
963 silly packumentCache full:https://registry.npmjs.org/thenify cache-miss
964 http fetch GET 200 https://registry.npmjs.org/thenify 164ms (cache miss)
965 silly packumentCache full:https://registry.npmjs.org/thenify set size:undefined disposed:false
966 silly placeDep ROOT thenify@3.3.1 OK for: thenify-all@1.6.0 want: >= 3.1.0 < 4
967 silly placeDep node_modules/tinyglobby fdir@6.5.0 OK for: tinyglobby@0.2.17 want: ^6.5.0
968 silly placeDep node_modules/tinyglobby picomatch@4.0.4 OK for: fdir@6.5.0 want: ^3 || ^4
969 silly placeDep ROOT is-number@7.0.0 OK for: to-regex-range@5.0.1 want: ^7.0.0
970 silly placeDep ROOT escalade@3.2.0 OK for: update-browserslist-db@1.2.3 want: ^3.2.0
971 silly placeDep ROOT @types/d3-array@3.2.2 OK for: victory-vendor@36.9.2 want: ^3.0.3
972 silly placeDep ROOT @types/d3-ease@3.0.2 OK for: victory-vendor@36.9.2 want: ^3.0.0
973 silly placeDep ROOT @types/d3-interpolate@3.0.4 OK for: victory-vendor@36.9.2 want: ^3.0.1
974 silly placeDep ROOT @types/d3-scale@4.0.9 OK for: victory-vendor@36.9.2 want: ^4.0.2
975 silly placeDep ROOT @types/d3-shape@3.1.8 OK for: victory-vendor@36.9.2 want: ^3.1.0
976 silly placeDep ROOT @types/d3-time@3.0.4 OK for: victory-vendor@36.9.2 want: ^3.0.0
977 silly placeDep ROOT @types/d3-timer@3.0.2 OK for: victory-vendor@36.9.2 want: ^3.0.0
978 silly placeDep ROOT d3-array@3.2.4 OK for: victory-vendor@36.9.2 want: ^3.1.6
979 silly placeDep ROOT d3-ease@3.0.1 OK for: victory-vendor@36.9.2 want: ^3.0.1
980 silly placeDep ROOT d3-interpolate@3.0.1 OK for: victory-vendor@36.9.2 want: ^3.0.1
981 silly placeDep ROOT d3-scale@4.0.2 OK for: victory-vendor@36.9.2 want: ^4.0.2
982 silly placeDep ROOT d3-shape@3.2.0 OK for: victory-vendor@36.9.2 want: ^3.1.0
983 silly placeDep ROOT d3-time@3.1.0 OK for: victory-vendor@36.9.2 want: ^3.0.0
984 silly placeDep ROOT d3-timer@3.0.1 OK for: victory-vendor@36.9.2 want: ^3.0.1
985 silly fetch manifest @types/d3-color@*
986 silly packumentCache full:https://registry.npmjs.org/@types%2fd3-color cache-miss
987 silly fetch manifest @types/d3-time@*
988 silly packumentCache full:https://registry.npmjs.org/@types%2fd3-time cache-miss
989 silly fetch manifest @types/d3-path@*
990 silly packumentCache full:https://registry.npmjs.org/@types%2fd3-path cache-miss
991 http cache https://registry.npmjs.org/@types%2fd3-time 14ms (cache hit)
992 silly packumentCache full:https://registry.npmjs.org/@types%2fd3-time set size:52652 disposed:false
993 silly fetch manifest internmap@1 - 2
994 silly packumentCache full:https://registry.npmjs.org/internmap cache-miss
995 http fetch GET 200 https://registry.npmjs.org/internmap 165ms (cache miss)
996 silly packumentCache full:https://registry.npmjs.org/internmap set size:undefined disposed:false
997 silly fetch manifest d3-color@1 - 3
998 silly packumentCache full:https://registry.npmjs.org/d3-color cache-miss
999 http fetch GET 200 https://registry.npmjs.org/@types%2fd3-path 208ms (cache miss)
1000 silly packumentCache full:https://registry.npmjs.org/@types%2fd3-path set size:undefined disposed:false
1001 silly fetch manifest d3-format@1 - 3
1002 silly packumentCache full:https://registry.npmjs.org/d3-format cache-miss
1003 http fetch GET 200 https://registry.npmjs.org/@types%2fd3-color 216ms (cache miss)
1004 silly packumentCache full:https://registry.npmjs.org/@types%2fd3-color set size:undefined disposed:false
1005 silly fetch manifest d3-time@2.1.1 - 3
1006 silly packumentCache full:https://registry.npmjs.org/d3-time cache-miss
1007 http cache https://registry.npmjs.org/d3-time 8ms (cache hit)
1008 silly packumentCache full:https://registry.npmjs.org/d3-time set size:150406 disposed:false
1009 silly fetch manifest d3-time-format@2 - 4
1010 silly packumentCache full:https://registry.npmjs.org/d3-time-format cache-miss
1011 http fetch GET 200 https://registry.npmjs.org/d3-color 308ms (cache miss)
1012 silly packumentCache full:https://registry.npmjs.org/d3-color set size:undefined disposed:false
1013 silly fetch manifest d3-path@^3.1.0
1014 silly packumentCache full:https://registry.npmjs.org/d3-path cache-miss
1015 http fetch GET 200 https://registry.npmjs.org/d3-format 310ms (cache miss)
1016 silly packumentCache full:https://registry.npmjs.org/d3-format set size:undefined disposed:false
1017 http fetch GET 200 https://registry.npmjs.org/d3-time-format 308ms (cache miss)
1018 silly packumentCache full:https://registry.npmjs.org/d3-time-format set size:undefined disposed:false
1019 http fetch GET 200 https://registry.npmjs.org/d3-path 159ms (cache miss)
1020 silly packumentCache full:https://registry.npmjs.org/d3-path set size:undefined disposed:false
1021 silly placeDep ROOT @types/d3-color@3.1.3 OK for: @types/d3-interpolate@3.0.4 want: *
1022 silly placeDep ROOT @types/d3-path@3.1.1 OK for: @types/d3-shape@3.1.8 want: *
1023 silly placeDep ROOT internmap@2.0.3 OK for: d3-array@3.2.4 want: 1 - 2
1024 silly placeDep ROOT d3-color@3.1.0 OK for: d3-interpolate@3.0.1 want: 1 - 3
1025 silly placeDep ROOT d3-format@3.1.2 OK for: d3-scale@4.0.2 want: 1 - 3
1026 silly placeDep ROOT d3-time-format@4.1.0 OK for: d3-scale@4.0.2 want: 2 - 4
1027 silly placeDep ROOT d3-path@3.1.0 OK for: d3-shape@3.2.0 want: ^3.1.0
1028 silly placeDep ROOT esbuild@0.25.12 OK for: vite@6.4.3 want: ^0.25.0
1029 silly placeDep node_modules/vite fdir@6.5.0 OK for: vite@6.4.3 want: ^6.4.4
1030 silly placeDep node_modules/vite picomatch@4.0.4 OK for: fdir@6.5.0 want: ^3 || ^4
1031 silly placeDep ROOT rollup@4.61.0 OK for: vite@6.4.3 want: ^4.34.9
1032 silly fetch manifest @esbuild/aix-ppc64@0.25.12
1033 silly packumentCache full:https://registry.npmjs.org/@esbuild%2faix-ppc64 cache-miss
1034 silly fetch manifest @esbuild/linux-arm@0.25.12
1035 silly packumentCache full:https://registry.npmjs.org/@esbuild%2flinux-arm cache-miss
1036 silly fetch manifest @esbuild/linux-x64@0.25.12
1037 silly packumentCache full:https://registry.npmjs.org/@esbuild%2flinux-x64 cache-miss
1038 http fetch GET 200 https://registry.npmjs.org/@esbuild%2faix-ppc64 189ms (cache miss)
1039 silly packumentCache full:https://registry.npmjs.org/@esbuild%2faix-ppc64 set size:undefined disposed:false
1040 silly fetch manifest @esbuild/sunos-x64@0.25.12
1041 silly packumentCache full:https://registry.npmjs.org/@esbuild%2fsunos-x64 cache-miss
1042 http fetch GET 200 https://registry.npmjs.org/@esbuild%2flinux-x64 217ms (cache miss)
1043 silly packumentCache full:https://registry.npmjs.org/@esbuild%2flinux-x64 set size:undefined disposed:false
1044 silly fetch manifest @esbuild/win32-x64@0.25.12
1045 silly packumentCache full:https://registry.npmjs.org/@esbuild%2fwin32-x64 cache-miss
1046 http fetch GET 200 https://registry.npmjs.org/@esbuild%2fwin32-x64 201ms (cache miss)
1047 silly packumentCache full:https://registry.npmjs.org/@esbuild%2fwin32-x64 set size:undefined disposed:false
1048 silly fetch manifest @esbuild/darwin-x64@0.25.12
1049 silly packumentCache full:https://registry.npmjs.org/@esbuild%2fdarwin-x64 cache-miss
1050 http fetch GET 200 https://registry.npmjs.org/@esbuild%2fsunos-x64 249ms (cache miss)
1051 silly packumentCache full:https://registry.npmjs.org/@esbuild%2fsunos-x64 set size:undefined disposed:false
1052 silly fetch manifest @esbuild/linux-ia32@0.25.12
1053 silly packumentCache full:https://registry.npmjs.org/@esbuild%2flinux-ia32 cache-miss
1054 http fetch GET 200 https://registry.npmjs.org/@esbuild%2flinux-arm 458ms (cache miss)
1055 silly packumentCache full:https://registry.npmjs.org/@esbuild%2flinux-arm set size:undefined disposed:false
1056 silly fetch manifest @esbuild/netbsd-x64@0.25.12
1057 silly packumentCache full:https://registry.npmjs.org/@esbuild%2fnetbsd-x64 cache-miss
1058 http fetch GET 200 https://registry.npmjs.org/@esbuild%2fdarwin-x64 185ms (cache miss)
1059 silly packumentCache full:https://registry.npmjs.org/@esbuild%2fdarwin-x64 set size:undefined disposed:false
1060 silly fetch manifest @esbuild/win32-ia32@0.25.12
1061 silly packumentCache full:https://registry.npmjs.org/@esbuild%2fwin32-ia32 cache-miss
1062 http fetch GET 200 https://registry.npmjs.org/@esbuild%2fnetbsd-x64 232ms (cache miss)
1063 silly packumentCache full:https://registry.npmjs.org/@esbuild%2fnetbsd-x64 set size:undefined disposed:false
1064 silly fetch manifest @esbuild/android-arm@0.25.12
1065 silly packumentCache full:https://registry.npmjs.org/@esbuild%2fandroid-arm cache-miss
1066 http fetch GET 200 https://registry.npmjs.org/@esbuild%2flinux-ia32 255ms (cache miss)
1067 silly packumentCache full:https://registry.npmjs.org/@esbuild%2flinux-ia32 set size:undefined disposed:false
1068 silly fetch manifest @esbuild/android-x64@0.25.12
1069 silly packumentCache full:https://registry.npmjs.org/@esbuild%2fandroid-x64 cache-miss
1070 http fetch GET 200 https://registry.npmjs.org/@esbuild%2fandroid-arm 228ms (cache miss)
1071 silly packumentCache full:https://registry.npmjs.org/@esbuild%2fandroid-arm set size:undefined disposed:false
1072 silly fetch manifest @esbuild/freebsd-x64@0.25.12
1073 silly packumentCache full:https://registry.npmjs.org/@esbuild%2ffreebsd-x64 cache-miss
1074 http fetch GET 200 https://registry.npmjs.org/@esbuild%2fwin32-ia32 364ms (cache miss)
1075 silly packumentCache full:https://registry.npmjs.org/@esbuild%2fwin32-ia32 set size:undefined disposed:false
1076 silly fetch manifest @esbuild/linux-arm64@0.25.12
1077 silly packumentCache full:https://registry.npmjs.org/@esbuild%2flinux-arm64 cache-miss
1078 http fetch GET 200 https://registry.npmjs.org/@esbuild%2ffreebsd-x64 253ms (cache miss)
1079 silly packumentCache full:https://registry.npmjs.org/@esbuild%2ffreebsd-x64 set size:undefined disposed:false
1080 silly fetch manifest @esbuild/linux-ppc64@0.25.12
1081 silly packumentCache full:https://registry.npmjs.org/@esbuild%2flinux-ppc64 cache-miss
1082 http fetch GET 200 https://registry.npmjs.org/@esbuild%2fandroid-x64 498ms (cache miss)
1083 silly packumentCache full:https://registry.npmjs.org/@esbuild%2fandroid-x64 set size:undefined disposed:false
1084 silly fetch manifest @esbuild/linux-s390x@0.25.12
1085 silly packumentCache full:https://registry.npmjs.org/@esbuild%2flinux-s390x cache-miss
1086 http fetch GET 200 https://registry.npmjs.org/@esbuild%2flinux-ppc64 254ms (cache miss)
1087 silly packumentCache full:https://registry.npmjs.org/@esbuild%2flinux-ppc64 set size:undefined disposed:false
1088 silly fetch manifest @esbuild/openbsd-x64@0.25.12
1089 silly packumentCache full:https://registry.npmjs.org/@esbuild%2fopenbsd-x64 cache-miss
1090 http fetch GET 200 https://registry.npmjs.org/@esbuild%2flinux-arm64 467ms (cache miss)
1091 silly packumentCache full:https://registry.npmjs.org/@esbuild%2flinux-arm64 set size:undefined disposed:false
1092 silly fetch manifest @esbuild/win32-arm64@0.25.12
1093 silly packumentCache full:https://registry.npmjs.org/@esbuild%2fwin32-arm64 cache-miss
1094 http fetch GET 200 https://registry.npmjs.org/@esbuild%2flinux-s390x 485ms (cache miss)
1095 silly packumentCache full:https://registry.npmjs.org/@esbuild%2flinux-s390x set size:undefined disposed:false
1096 silly fetch manifest @esbuild/darwin-arm64@0.25.12
1097 silly packumentCache full:https://registry.npmjs.org/@esbuild%2fdarwin-arm64 cache-miss
1098 http fetch GET 200 https://registry.npmjs.org/@esbuild%2fwin32-arm64 239ms (cache miss)
1099 silly packumentCache full:https://registry.npmjs.org/@esbuild%2fwin32-arm64 set size:undefined disposed:false
1100 silly fetch manifest @esbuild/netbsd-arm64@0.25.12
1101 silly packumentCache full:https://registry.npmjs.org/@esbuild%2fnetbsd-arm64 cache-miss
1102 http fetch GET 200 https://registry.npmjs.org/@esbuild%2fopenbsd-x64 270ms (cache miss)
1103 silly packumentCache full:https://registry.npmjs.org/@esbuild%2fopenbsd-x64 set size:undefined disposed:false
1104 silly fetch manifest @esbuild/android-arm64@0.25.12
1105 silly packumentCache full:https://registry.npmjs.org/@esbuild%2fandroid-arm64 cache-miss
1106 http fetch GET 200 https://registry.npmjs.org/@esbuild%2fnetbsd-arm64 209ms (cache miss)
1107 silly packumentCache full:https://registry.npmjs.org/@esbuild%2fnetbsd-arm64 set size:undefined disposed:false
1108 silly fetch manifest @esbuild/freebsd-arm64@0.25.12
1109 silly packumentCache full:https://registry.npmjs.org/@esbuild%2ffreebsd-arm64 cache-miss
1110 http fetch GET 200 https://registry.npmjs.org/@esbuild%2fdarwin-arm64 235ms (cache miss)
1111 silly packumentCache full:https://registry.npmjs.org/@esbuild%2fdarwin-arm64 set size:undefined disposed:false
1112 silly fetch manifest @esbuild/linux-loong64@0.25.12
1113 silly packumentCache full:https://registry.npmjs.org/@esbuild%2flinux-loong64 cache-miss
1114 http fetch GET 200 https://registry.npmjs.org/@esbuild%2fandroid-arm64 239ms (cache miss)
1115 silly packumentCache full:https://registry.npmjs.org/@esbuild%2fandroid-arm64 set size:undefined disposed:false
1116 silly fetch manifest @esbuild/linux-riscv64@0.25.12
1117 silly packumentCache full:https://registry.npmjs.org/@esbuild%2flinux-riscv64 cache-miss
1118 http fetch GET 200 https://registry.npmjs.org/@esbuild%2flinux-riscv64 298ms (cache miss)
1119 silly packumentCache full:https://registry.npmjs.org/@esbuild%2flinux-riscv64 set size:undefined disposed:false
1120 silly fetch manifest @esbuild/openbsd-arm64@0.25.12
1121 silly packumentCache full:https://registry.npmjs.org/@esbuild%2fopenbsd-arm64 cache-miss
1122 http fetch GET 200 https://registry.npmjs.org/@esbuild%2flinux-loong64 418ms (cache miss)
1123 silly packumentCache full:https://registry.npmjs.org/@esbuild%2flinux-loong64 set size:undefined disposed:false
1124 silly fetch manifest @esbuild/linux-mips64el@0.25.12
1125 silly packumentCache full:https://registry.npmjs.org/@esbuild%2flinux-mips64el cache-miss
1126 http fetch GET 200 https://registry.npmjs.org/@esbuild%2ffreebsd-arm64 456ms (cache miss)
1127 silly packumentCache full:https://registry.npmjs.org/@esbuild%2ffreebsd-arm64 set size:undefined disposed:false
1128 silly fetch manifest @esbuild/openharmony-arm64@0.25.12
1129 silly packumentCache full:https://registry.npmjs.org/@esbuild%2fopenharmony-arm64 cache-miss
1130 http fetch GET 200 https://registry.npmjs.org/@esbuild%2fopenbsd-arm64 220ms (cache miss)
1131 silly packumentCache full:https://registry.npmjs.org/@esbuild%2fopenbsd-arm64 set size:undefined disposed:false
1132 silly fetch manifest @types/estree@1.0.9
1133 silly packumentCache full:https://registry.npmjs.org/@types%2festree cache-miss
1134 http fetch GET 200 https://registry.npmjs.org/@esbuild%2fopenharmony-arm64 165ms (cache miss)
1135 silly packumentCache full:https://registry.npmjs.org/@esbuild%2fopenharmony-arm64 set size:undefined disposed:false
1136 silly fetch manifest @rollup/rollup-darwin-arm64@4.61.0
1137 silly packumentCache full:https://registry.npmjs.org/@rollup%2frollup-darwin-arm64 cache-miss
1138 http fetch GET 200 https://registry.npmjs.org/@esbuild%2flinux-mips64el 216ms (cache miss)
1139 silly packumentCache full:https://registry.npmjs.org/@esbuild%2flinux-mips64el set size:undefined disposed:false
1140 silly fetch manifest @rollup/rollup-android-arm64@4.61.0
1141 silly packumentCache full:https://registry.npmjs.org/@rollup%2frollup-android-arm64 cache-miss
1142 http fetch GET 200 https://registry.npmjs.org/@types%2festree 172ms (cache miss)
1143 silly packumentCache full:https://registry.npmjs.org/@types%2festree set size:undefined disposed:false
1144 silly fetch manifest @rollup/rollup-win32-arm64-msvc@4.61.0
1145 silly packumentCache full:https://registry.npmjs.org/@rollup%2frollup-win32-arm64-msvc cache-miss
1146 http fetch GET 200 https://registry.npmjs.org/@rollup%2frollup-android-arm64 202ms (cache miss)
1147 silly packumentCache full:https://registry.npmjs.org/@rollup%2frollup-android-arm64 set size:undefined disposed:false
1148 silly fetch manifest @rollup/rollup-freebsd-arm64@4.61.0
1149 silly packumentCache full:https://registry.npmjs.org/@rollup%2frollup-freebsd-arm64 cache-miss
1150 http fetch GET 200 https://registry.npmjs.org/@rollup%2frollup-darwin-arm64 264ms (cache miss)
1151 silly packumentCache full:https://registry.npmjs.org/@rollup%2frollup-darwin-arm64 set size:undefined disposed:false
1152 silly fetch manifest @rollup/rollup-linux-arm64-gnu@4.61.0
1153 silly packumentCache full:https://registry.npmjs.org/@rollup%2frollup-linux-arm64-gnu cache-miss
1154 http fetch GET 200 https://registry.npmjs.org/@rollup%2frollup-win32-arm64-msvc 230ms (cache miss)
1155 silly packumentCache full:https://registry.npmjs.org/@rollup%2frollup-win32-arm64-msvc set size:undefined disposed:false
1156 silly fetch manifest @rollup/rollup-linux-arm64-musl@4.61.0
1157 silly packumentCache full:https://registry.npmjs.org/@rollup%2frollup-linux-arm64-musl cache-miss
1158 http fetch GET 200 https://registry.npmjs.org/@rollup%2frollup-linux-arm64-gnu 226ms (cache miss)
1159 silly packumentCache full:https://registry.npmjs.org/@rollup%2frollup-linux-arm64-gnu set size:undefined disposed:false
1160 silly fetch manifest @rollup/rollup-android-arm-eabi@4.61.0
1161 silly packumentCache full:https://registry.npmjs.org/@rollup%2frollup-android-arm-eabi cache-miss
1162 http fetch GET 200 https://registry.npmjs.org/@rollup%2frollup-linux-arm64-musl 221ms (cache miss)
1163 silly packumentCache full:https://registry.npmjs.org/@rollup%2frollup-linux-arm64-musl set size:undefined disposed:false
1164 silly fetch manifest @rollup/rollup-linux-arm-gnueabihf@4.61.0
1165 silly packumentCache full:https://registry.npmjs.org/@rollup%2frollup-linux-arm-gnueabihf cache-miss
1166 http fetch GET 200 https://registry.npmjs.org/@rollup%2frollup-android-arm-eabi 272ms (cache miss)
1167 silly packumentCache full:https://registry.npmjs.org/@rollup%2frollup-android-arm-eabi set size:undefined disposed:false
1168 silly fetch manifest @rollup/rollup-linux-arm-musleabihf@4.61.0
1169 silly packumentCache full:https://registry.npmjs.org/@rollup%2frollup-linux-arm-musleabihf cache-miss
1170 http fetch GET 200 https://registry.npmjs.org/@rollup%2frollup-linux-arm-gnueabihf 236ms (cache miss)
1171 silly packumentCache full:https://registry.npmjs.org/@rollup%2frollup-linux-arm-gnueabihf set size:undefined disposed:false
1172 silly fetch manifest @rollup/rollup-win32-ia32-msvc@4.61.0
1173 silly packumentCache full:https://registry.npmjs.org/@rollup%2frollup-win32-ia32-msvc cache-miss
1174 http fetch GET 200 https://registry.npmjs.org/@rollup%2frollup-freebsd-arm64 634ms (cache miss)
1175 silly packumentCache full:https://registry.npmjs.org/@rollup%2frollup-freebsd-arm64 set size:undefined disposed:false
1176 silly fetch manifest @rollup/rollup-linux-loong64-gnu@4.61.0
1177 silly packumentCache full:https://registry.npmjs.org/@rollup%2frollup-linux-loong64-gnu cache-miss
1178 http fetch GET 200 https://registry.npmjs.org/@rollup%2frollup-linux-arm-musleabihf 385ms (cache miss)
1179 silly packumentCache full:https://registry.npmjs.org/@rollup%2frollup-linux-arm-musleabihf set size:undefined disposed:false
1180 silly fetch manifest @rollup/rollup-linux-loong64-musl@4.61.0
1181 silly packumentCache full:https://registry.npmjs.org/@rollup%2frollup-linux-loong64-musl cache-miss
1182 http fetch GET 200 https://registry.npmjs.org/@rollup%2frollup-linux-loong64-gnu 476ms (cache miss)
1183 silly packumentCache full:https://registry.npmjs.org/@rollup%2frollup-linux-loong64-gnu set size:undefined disposed:false
1184 silly fetch manifest @rollup/rollup-linux-riscv64-gnu@4.61.0
1185 silly packumentCache full:https://registry.npmjs.org/@rollup%2frollup-linux-riscv64-gnu cache-miss
1186 http fetch GET 200 https://registry.npmjs.org/@rollup%2frollup-win32-ia32-msvc 545ms (cache miss)
1187 silly packumentCache full:https://registry.npmjs.org/@rollup%2frollup-win32-ia32-msvc set size:undefined disposed:false
1188 silly fetch manifest @rollup/rollup-linux-riscv64-musl@4.61.0
1189 silly packumentCache full:https://registry.npmjs.org/@rollup%2frollup-linux-riscv64-musl cache-miss
1190 http fetch GET 200 https://registry.npmjs.org/@rollup%2frollup-linux-loong64-musl 219ms (cache miss)
1191 silly packumentCache full:https://registry.npmjs.org/@rollup%2frollup-linux-loong64-musl set size:undefined disposed:false
1192 silly fetch manifest @rollup/rollup-linux-ppc64-gnu@4.61.0
1193 silly packumentCache full:https://registry.npmjs.org/@rollup%2frollup-linux-ppc64-gnu cache-miss
1194 http fetch GET 200 https://registry.npmjs.org/@rollup%2frollup-linux-riscv64-musl 214ms (cache miss)
1195 silly packumentCache full:https://registry.npmjs.org/@rollup%2frollup-linux-riscv64-musl set size:undefined disposed:false
1196 silly fetch manifest @rollup/rollup-linux-ppc64-musl@4.61.0
1197 silly packumentCache full:https://registry.npmjs.org/@rollup%2frollup-linux-ppc64-musl cache-miss
1198 http fetch GET 200 https://registry.npmjs.org/@rollup%2frollup-linux-ppc64-gnu 202ms (cache miss)
1199 silly packumentCache full:https://registry.npmjs.org/@rollup%2frollup-linux-ppc64-gnu set size:undefined disposed:false
1200 silly fetch manifest @rollup/rollup-linux-s390x-gnu@4.61.0
1201 silly packumentCache full:https://registry.npmjs.org/@rollup%2frollup-linux-s390x-gnu cache-miss
1202 http fetch GET 200 https://registry.npmjs.org/@rollup%2frollup-linux-riscv64-gnu 403ms (cache miss)
1203 silly packumentCache full:https://registry.npmjs.org/@rollup%2frollup-linux-riscv64-gnu set size:undefined disposed:false
1204 silly fetch manifest @rollup/rollup-darwin-x64@4.61.0
1205 silly packumentCache full:https://registry.npmjs.org/@rollup%2frollup-darwin-x64 cache-miss
1206 http fetch GET 200 https://registry.npmjs.org/@rollup%2frollup-linux-ppc64-musl 174ms (cache miss)
1207 silly packumentCache full:https://registry.npmjs.org/@rollup%2frollup-linux-ppc64-musl set size:undefined disposed:false
1208 silly fetch manifest @rollup/rollup-win32-x64-gnu@4.61.0
1209 silly packumentCache full:https://registry.npmjs.org/@rollup%2frollup-win32-x64-gnu cache-miss
1210 http fetch GET 200 https://registry.npmjs.org/@rollup%2frollup-linux-s390x-gnu 214ms (cache miss)
1211 silly packumentCache full:https://registry.npmjs.org/@rollup%2frollup-linux-s390x-gnu set size:undefined disposed:false
1212 silly fetch manifest @rollup/rollup-win32-x64-msvc@4.61.0
1213 silly packumentCache full:https://registry.npmjs.org/@rollup%2frollup-win32-x64-msvc cache-miss
1214 http fetch GET 200 https://registry.npmjs.org/@rollup%2frollup-win32-x64-gnu 190ms (cache miss)
1215 silly packumentCache full:https://registry.npmjs.org/@rollup%2frollup-win32-x64-gnu set size:undefined disposed:false
1216 silly fetch manifest @rollup/rollup-freebsd-x64@4.61.0
1217 silly packumentCache full:https://registry.npmjs.org/@rollup%2frollup-freebsd-x64 cache-miss
1218 http fetch GET 200 https://registry.npmjs.org/@rollup%2frollup-darwin-x64 223ms (cache miss)
1219 silly packumentCache full:https://registry.npmjs.org/@rollup%2frollup-darwin-x64 set size:undefined disposed:false
1220 silly fetch manifest @rollup/rollup-linux-x64-gnu@4.61.0
1221 silly packumentCache full:https://registry.npmjs.org/@rollup%2frollup-linux-x64-gnu cache-miss
1222 http fetch GET 200 https://registry.npmjs.org/@rollup%2frollup-win32-x64-msvc 210ms (cache miss)
1223 silly packumentCache full:https://registry.npmjs.org/@rollup%2frollup-win32-x64-msvc set size:undefined disposed:false
1224 silly fetch manifest @rollup/rollup-linux-x64-musl@4.61.0
1225 silly packumentCache full:https://registry.npmjs.org/@rollup%2frollup-linux-x64-musl cache-miss
1226 http fetch GET 200 https://registry.npmjs.org/@rollup%2frollup-freebsd-x64 244ms (cache miss)
1227 silly packumentCache full:https://registry.npmjs.org/@rollup%2frollup-freebsd-x64 set size:undefined disposed:false
1228 silly fetch manifest @rollup/rollup-openbsd-x64@4.61.0
1229 silly packumentCache full:https://registry.npmjs.org/@rollup%2frollup-openbsd-x64 cache-miss
1230 http fetch GET 200 https://registry.npmjs.org/@rollup%2frollup-linux-x64-gnu 233ms (cache miss)
1231 silly packumentCache full:https://registry.npmjs.org/@rollup%2frollup-linux-x64-gnu set size:undefined disposed:false
1232 silly fetch manifest @rollup/rollup-openharmony-arm64@4.61.0
1233 silly packumentCache full:https://registry.npmjs.org/@rollup%2frollup-openharmony-arm64 cache-miss
1234 http fetch GET 200 https://registry.npmjs.org/@rollup%2frollup-linux-x64-musl 266ms (cache miss)
1235 silly packumentCache full:https://registry.npmjs.org/@rollup%2frollup-linux-x64-musl set size:undefined disposed:false
1236 http fetch GET 200 https://registry.npmjs.org/@rollup%2frollup-openbsd-x64 160ms (cache miss)
1237 silly packumentCache full:https://registry.npmjs.org/@rollup%2frollup-openbsd-x64 set size:undefined disposed:false
1238 http fetch GET 200 https://registry.npmjs.org/@rollup%2frollup-openharmony-arm64 420ms (cache miss)
1239 silly packumentCache full:https://registry.npmjs.org/@rollup%2frollup-openharmony-arm64 set size:undefined disposed:false
1240 silly placeDep ROOT @esbuild/aix-ppc64@0.25.12 OK for: esbuild@0.25.12 want: 0.25.12
1241 silly placeDep ROOT @esbuild/android-arm@0.25.12 OK for: esbuild@0.25.12 want: 0.25.12
1242 silly placeDep ROOT @esbuild/android-arm64@0.25.12 OK for: esbuild@0.25.12 want: 0.25.12
1243 silly placeDep ROOT @esbuild/android-x64@0.25.12 OK for: esbuild@0.25.12 want: 0.25.12
1244 silly placeDep ROOT @esbuild/darwin-arm64@0.25.12 OK for: esbuild@0.25.12 want: 0.25.12
1245 silly placeDep ROOT @esbuild/darwin-x64@0.25.12 OK for: esbuild@0.25.12 want: 0.25.12
1246 silly placeDep ROOT @esbuild/freebsd-arm64@0.25.12 OK for: esbuild@0.25.12 want: 0.25.12
1247 silly placeDep ROOT @esbuild/freebsd-x64@0.25.12 OK for: esbuild@0.25.12 want: 0.25.12
1248 silly placeDep ROOT @esbuild/linux-arm@0.25.12 OK for: esbuild@0.25.12 want: 0.25.12
1249 silly placeDep ROOT @esbuild/linux-arm64@0.25.12 OK for: esbuild@0.25.12 want: 0.25.12
1250 silly placeDep ROOT @esbuild/linux-ia32@0.25.12 OK for: esbuild@0.25.12 want: 0.25.12
1251 silly placeDep ROOT @esbuild/linux-loong64@0.25.12 OK for: esbuild@0.25.12 want: 0.25.12
1252 silly placeDep ROOT @esbuild/linux-mips64el@0.25.12 OK for: esbuild@0.25.12 want: 0.25.12
1253 silly placeDep ROOT @esbuild/linux-ppc64@0.25.12 OK for: esbuild@0.25.12 want: 0.25.12
1254 silly placeDep ROOT @esbuild/linux-riscv64@0.25.12 OK for: esbuild@0.25.12 want: 0.25.12
1255 silly placeDep ROOT @esbuild/linux-s390x@0.25.12 OK for: esbuild@0.25.12 want: 0.25.12
1256 silly placeDep ROOT @esbuild/linux-x64@0.25.12 OK for: esbuild@0.25.12 want: 0.25.12
1257 silly placeDep ROOT @esbuild/netbsd-arm64@0.25.12 OK for: esbuild@0.25.12 want: 0.25.12
1258 silly placeDep ROOT @esbuild/netbsd-x64@0.25.12 OK for: esbuild@0.25.12 want: 0.25.12
1259 silly placeDep ROOT @esbuild/openbsd-arm64@0.25.12 OK for: esbuild@0.25.12 want: 0.25.12
1260 silly placeDep ROOT @esbuild/openbsd-x64@0.25.12 OK for: esbuild@0.25.12 want: 0.25.12
1261 silly placeDep ROOT @esbuild/openharmony-arm64@0.25.12 OK for: esbuild@0.25.12 want: 0.25.12
1262 silly placeDep ROOT @esbuild/sunos-x64@0.25.12 OK for: esbuild@0.25.12 want: 0.25.12
1263 silly placeDep ROOT @esbuild/win32-arm64@0.25.12 OK for: esbuild@0.25.12 want: 0.25.12
1264 silly placeDep ROOT @esbuild/win32-ia32@0.25.12 OK for: esbuild@0.25.12 want: 0.25.12
1265 silly placeDep ROOT @esbuild/win32-x64@0.25.12 OK for: esbuild@0.25.12 want: 0.25.12
1266 silly placeDep ROOT @rollup/rollup-android-arm-eabi@4.61.0 OK for: rollup@4.61.0 want: 4.61.0
1267 silly placeDep ROOT @rollup/rollup-android-arm64@4.61.0 OK for: rollup@4.61.0 want: 4.61.0
1268 silly placeDep ROOT @rollup/rollup-darwin-arm64@4.61.0 OK for: rollup@4.61.0 want: 4.61.0
1269 silly placeDep ROOT @rollup/rollup-darwin-x64@4.61.0 OK for: rollup@4.61.0 want: 4.61.0
1270 silly placeDep ROOT @rollup/rollup-freebsd-arm64@4.61.0 OK for: rollup@4.61.0 want: 4.61.0
1271 silly placeDep ROOT @rollup/rollup-freebsd-x64@4.61.0 OK for: rollup@4.61.0 want: 4.61.0
1272 silly placeDep ROOT @rollup/rollup-linux-arm-gnueabihf@4.61.0 OK for: rollup@4.61.0 want: 4.61.0
1273 silly placeDep ROOT @rollup/rollup-linux-arm-musleabihf@4.61.0 OK for: rollup@4.61.0 want: 4.61.0
1274 silly placeDep ROOT @rollup/rollup-linux-arm64-gnu@4.61.0 OK for: rollup@4.61.0 want: 4.61.0
1275 silly placeDep ROOT @rollup/rollup-linux-arm64-musl@4.61.0 OK for: rollup@4.61.0 want: 4.61.0
1276 silly placeDep ROOT @rollup/rollup-linux-loong64-gnu@4.61.0 OK for: rollup@4.61.0 want: 4.61.0
1277 silly placeDep ROOT @rollup/rollup-linux-loong64-musl@4.61.0 OK for: rollup@4.61.0 want: 4.61.0
1278 silly placeDep ROOT @rollup/rollup-linux-ppc64-gnu@4.61.0 OK for: rollup@4.61.0 want: 4.61.0
1279 silly placeDep ROOT @rollup/rollup-linux-ppc64-musl@4.61.0 OK for: rollup@4.61.0 want: 4.61.0
1280 silly placeDep ROOT @rollup/rollup-linux-riscv64-gnu@4.61.0 OK for: rollup@4.61.0 want: 4.61.0
1281 silly placeDep ROOT @rollup/rollup-linux-riscv64-musl@4.61.0 OK for: rollup@4.61.0 want: 4.61.0
1282 silly placeDep ROOT @rollup/rollup-linux-s390x-gnu@4.61.0 OK for: rollup@4.61.0 want: 4.61.0
1283 silly placeDep ROOT @rollup/rollup-linux-x64-gnu@4.61.0 OK for: rollup@4.61.0 want: 4.61.0
1284 silly placeDep ROOT @rollup/rollup-linux-x64-musl@4.61.0 OK for: rollup@4.61.0 want: 4.61.0
1285 silly placeDep ROOT @rollup/rollup-openbsd-x64@4.61.0 OK for: rollup@4.61.0 want: 4.61.0
1286 silly placeDep ROOT @rollup/rollup-openharmony-arm64@4.61.0 OK for: rollup@4.61.0 want: 4.61.0
1287 silly placeDep ROOT @rollup/rollup-win32-arm64-msvc@4.61.0 OK for: rollup@4.61.0 want: 4.61.0
1288 silly placeDep ROOT @rollup/rollup-win32-ia32-msvc@4.61.0 OK for: rollup@4.61.0 want: 4.61.0
1289 silly placeDep ROOT @rollup/rollup-win32-x64-gnu@4.61.0 OK for: rollup@4.61.0 want: 4.61.0
1290 silly placeDep ROOT @rollup/rollup-win32-x64-msvc@4.61.0 OK for: rollup@4.61.0 want: 4.61.0
1291 silly placeDep ROOT @types/estree@1.0.9 OK for: rollup@4.61.0 want: 1.0.9
1292 silly reify moves {}
1293 silly audit bulk request {
1293 silly audit   '@vitejs/plugin-react': [ '4.7.0' ],
1293 silly audit   vite: [ '6.4.3' ],
1293 silly audit   autoprefixer: [ '10.5.0' ],
1293 silly audit   postcss: [ '8.5.15' ],
1293 silly audit   'lucide-react': [ '0.468.0' ],
1293 silly audit   react: [ '19.2.7' ],
1293 silly audit   'react-dom': [ '19.2.7' ],
1293 silly audit   'react-router-dom': [ '7.16.0' ],
1293 silly audit   recharts: [ '2.15.4' ],
1293 silly audit   tailwindcss: [ '3.4.19' ],
1293 silly audit   typescript: [ '5.9.3' ],
1293 silly audit   '@babel/core': [ '7.29.7' ],
1293 silly audit   '@babel/plugin-transform-react-jsx-self': [ '7.29.7' ],
1293 silly audit   '@babel/plugin-transform-react-jsx-source': [ '7.29.7' ],
1293 silly audit   '@rolldown/pluginutils': [ '1.0.0-beta.27' ],
1293 silly audit   '@types/babel__core': [ '7.20.5' ],
1293 silly audit   'react-refresh': [ '0.17.0' ],
1293 silly audit   '@babel/code-frame': [ '7.29.7' ],
1293 silly audit   '@babel/generator': [ '7.29.7' ],
1293 silly audit   '@babel/helper-compilation-targets': [ '7.29.7' ],
1293 silly audit   '@babel/helper-module-transforms': [ '7.29.7' ],
1293 silly audit   '@babel/helpers': [ '7.29.7' ],
1293 silly audit   '@babel/parser': [ '7.29.7' ],
1293 silly audit   '@babel/template': [ '7.29.7' ],
1293 silly audit   '@babel/traverse': [ '7.29.7' ],
1293 silly audit   '@babel/types': [ '7.29.7' ],
1293 silly audit   '@jridgewell/remapping': [ '2.3.5' ],
1293 silly audit   'convert-source-map': [ '2.0.0' ],
1293 silly audit   debug: [ '4.4.3' ],
1293 silly audit   gensync: [ '1.0.0-beta.2' ],
1293 silly audit   json5: [ '2.2.3' ],
1293 silly audit   semver: [ '6.3.1' ],
1293 silly audit   '@babel/helper-validator-identifier': [ '7.29.7' ],
1293 silly audit   'js-tokens': [ '4.0.0' ],
1293 silly audit   picocolors: [ '1.1.1' ],
1293 silly audit   '@jridgewell/gen-mapping': [ '0.3.13' ],
1293 silly audit   '@jridgewell/trace-mapping': [ '0.3.31' ],
1293 silly audit   jsesc: [ '3.1.0' ],
1293 silly audit   '@babel/compat-data': [ '7.29.7' ],
1293 silly audit   '@babel/helper-validator-option': [ '7.29.7' ],
1293 silly audit   browserslist: [ '4.28.2' ],
1293 silly audit   'lru-cache': [ '5.1.1' ],
1293 silly audit   '@babel/helper-module-imports': [ '7.29.7' ],
1293 silly audit   '@babel/helper-plugin-utils': [ '7.29.7' ],
1293 silly audit   '@babel/helper-globals': [ '7.29.7' ],
1293 silly audit   '@babel/helper-string-parser': [ '7.29.7' ],
1293 silly audit   '@jridgewell/sourcemap-codec': [ '1.5.5' ],
1293 silly audit   '@jridgewell/resolve-uri': [ '3.1.2' ],
1293 silly audit   '@types/babel__generator': [ '7.27.0' ],
1293 silly audit   '@types/babel__template': [ '7.4.4' ],
1293 silly audit   '@types/babel__traverse': [ '7.28.0' ],
1293 silly audit   'caniuse-lite': [ '1.0.30001793' ],
1293 silly audit   'fraction.js': [ '5.3.4' ],
1293 silly audit   'postcss-value-parser': [ '4.2.0' ],
1293 silly audit   'baseline-browser-mapping': [ '2.10.33' ],
1293 silly audit   'electron-to-chromium': [ '1.5.365' ],
1293 silly audit   'node-releases': [ '2.0.47' ],
1293 silly audit   'update-browserslist-db': [ '1.2.3' ],
1293 silly audit   ms: [ '2.1.3' ],
1293 silly audit   yallist: [ '3.1.1' ],
1293 silly audit   nanoid: [ '3.3.12' ],
1293 silly audit   'source-map-js': [ '1.2.1' ],
1293 silly audit   scheduler: [ '0.27.0' ],
1293 silly audit   'react-router': [ '7.16.0' ],
1293 silly audit   cookie: [ '1.1.1' ],
1293 silly audit   'set-cookie-parser': [ '2.7.2' ],
1293 silly audit   clsx: [ '2.1.1' ],
1293 silly audit   eventemitter3: [ '4.0.7' ],
1293 silly audit   lodash: [ '4.18.1' ],
1293 silly audit   'react-is': [ '18.3.1', '16.13.1' ],
1293 silly audit   'react-smooth': [ '4.0.4' ],
1293 silly audit   'recharts-scale': [ '0.4.5' ],
1293 silly audit   'tiny-invariant': [ '1.3.3' ],
1293 silly audit   'victory-vendor': [ '36.9.2' ],
1293 silly audit   'fast-equals': [ '5.4.0' ],
1293 silly audit   'prop-types': [ '15.8.1' ],
1293 silly audit   'react-transition-group': [ '4.4.5' ],
1293 silly audit   'loose-envify': [ '1.4.0' ],
1293 silly audit   'object-assign': [ '4.1.1' ],
1293 silly audit   '@babel/runtime': [ '7.29.7' ],
1293 silly audit   'dom-helpers': [ '5.2.1' ],
1293 silly audit   csstype: [ '3.2.3' ],
1293 silly audit   'decimal.js-light': [ '2.5.1' ],
1293 silly audit   '@alloc/quick-lru': [ '5.2.0' ],
1293 silly audit   arg: [ '5.0.2' ],
1293 silly audit   chokidar: [ '3.6.0' ],
1293 silly audit   didyoumean: [ '1.2.2' ],
1293 silly audit   dlv: [ '1.1.3' ],
1293 silly audit   'fast-glob': [ '3.3.3' ],
1293 silly audit   'glob-parent': [ '6.0.2', '5.1.2' ],
1293 silly audit   'is-glob': [ '4.0.3' ],
1293 silly audit   jiti: [ '1.21.7' ],
1293 silly audit   lilconfig: [ '3.1.3' ],
1293 silly audit   micromatch: [ '4.0.8' ],
1293 silly audit   'normalize-path': [ '3.0.0' ],
1293 silly audit   'object-hash': [ '3.0.0' ],
1293 silly audit   'postcss-import': [ '15.1.0' ],
1293 silly audit   'postcss-js': [ '4.1.0' ],
1293 silly audit   'postcss-load-config': [ '6.0.1' ],
1293 silly audit   'postcss-nested': [ '6.2.0' ],
1293 silly audit   'postcss-selector-parser': [ '6.1.2' ],
1293 silly audit   resolve: [ '1.22.12' ],
1293 silly audit   sucrase: [ '3.35.1' ],
1293 silly audit   anymatch: [ '3.1.3' ],
1293 silly audit   braces: [ '3.0.3' ],
1293 silly audit   fsevents: [ '2.3.3' ],
1293 silly audit   'is-binary-path': [ '2.1.0' ],
1293 silly audit   readdirp: [ '3.6.0' ],
1293 silly audit   picomatch: [ '2.3.2', '4.0.4' ],
1293 silly audit   'fill-range': [ '7.1.1' ],
1293 silly audit   '@nodelib/fs.stat': [ '2.0.5' ],
1293 silly audit   '@nodelib/fs.walk': [ '1.2.8' ],
1293 silly audit   merge2: [ '1.4.1' ],
1293 silly audit   '@nodelib/fs.scandir': [ '2.1.5' ],
1293 silly audit   fastq: [ '1.20.1' ],
1293 silly audit   'run-parallel': [ '1.2.0' ],
1293 silly audit   reusify: [ '1.1.0' ],
1293 silly audit   'to-regex-range': [ '5.0.1' ],
1293 silly audit   'binary-extensions': [ '2.3.0' ],
1293 silly audit   'is-extglob': [ '2.1.1' ],
1293 silly audit   'read-cache': [ '1.0.0' ],
1293 silly audit   'camelcase-css': [ '2.0.1' ],
1293 silly audit   cssesc: [ '3.0.0' ],
1293 silly audit   'util-deprecate': [ '1.0.2' ],
1293 silly audit   pify: [ '2.3.0' ],
1293 silly audit   'es-errors': [ '1.3.0' ],
1293 silly audit   'is-core-module': [ '2.16.2' ],
1293 silly audit   'path-parse': [ '1.0.7' ],
1293 silly audit   'supports-preserve-symlinks-flag': [ '1.0.0' ],
1293 silly audit   hasown: [ '2.0.4' ],
1293 silly audit   'function-bind': [ '1.1.2' ],
1293 silly audit   'queue-microtask': [ '1.2.3' ],
1293 silly audit   commander: [ '4.1.1' ],
1293 silly audit   'lines-and-columns': [ '1.2.4' ],
1293 silly audit   mz: [ '2.7.0' ],
1293 silly audit   pirates: [ '4.0.7' ],
1293 silly audit   tinyglobby: [ '0.2.17' ],
1293 silly audit   'ts-interface-checker': [ '0.1.13' ],
1293 silly audit   'any-promise': [ '1.3.0' ],
1293 silly audit   'thenify-all': [ '1.6.0' ],
1293 silly audit   thenify: [ '3.3.1' ],
1293 silly audit   fdir: [ '6.5.0' ],
1293 silly audit   'is-number': [ '7.0.0' ],
1293 silly audit   escalade: [ '3.2.0' ],
1293 silly audit   '@types/d3-array': [ '3.2.2' ],
1293 silly audit   '@types/d3-ease': [ '3.0.2' ],
1293 silly audit   '@types/d3-interpolate': [ '3.0.4' ],
1293 silly audit   '@types/d3-scale': [ '4.0.9' ],
1293 silly audit   '@types/d3-shape': [ '3.1.8' ],
1293 silly audit   '@types/d3-time': [ '3.0.4' ],
1293 silly audit   '@types/d3-timer': [ '3.0.2' ],
1293 silly audit   'd3-array': [ '3.2.4' ],
1293 silly audit   'd3-ease': [ '3.0.1' ],
1293 silly audit   'd3-interpolate': [ '3.0.1' ],
1293 silly audit   'd3-scale': [ '4.0.2' ],
1293 silly audit   'd3-shape': [ '3.2.0' ],
1293 silly audit   'd3-time': [ '3.1.0' ],
1293 silly audit   'd3-timer': [ '3.0.1' ],
1293 silly audit   '@types/d3-color': [ '3.1.3' ],
1293 silly audit   '@types/d3-path': [ '3.1.1' ],
1293 silly audit   internmap: [ '2.0.3' ],
1293 silly audit   'd3-color': [ '3.1.0' ],
1293 silly audit   'd3-format': [ '3.1.2' ],
1293 silly audit   'd3-time-format': [ '4.1.0' ],
1293 silly audit   'd3-path': [ '3.1.0' ],
1293 silly audit   esbuild: [ '0.25.12' ],
1293 silly audit   rollup: [ '4.61.0' ],
1293 silly audit   '@esbuild/aix-ppc64': [ '0.25.12' ],
1293 silly audit   '@esbuild/android-arm': [ '0.25.12' ],
1293 silly audit   '@esbuild/android-arm64': [ '0.25.12' ],
1293 silly audit   '@esbuild/android-x64': [ '0.25.12' ],
1293 silly audit   '@esbuild/darwin-arm64': [ '0.25.12' ],
1293 silly audit   '@esbuild/darwin-x64': [ '0.25.12' ],
1293 silly audit   '@esbuild/freebsd-arm64': [ '0.25.12' ],
1293 silly audit   '@esbuild/freebsd-x64': [ '0.25.12' ],
1293 silly audit   '@esbuild/linux-arm': [ '0.25.12' ],
1293 silly audit   '@esbuild/linux-arm64': [ '0.25.12' ],
1293 silly audit   '@esbuild/linux-ia32': [ '0.25.12' ],
1293 silly audit   '@esbuild/linux-loong64': [ '0.25.12' ],
1293 silly audit   '@esbuild/linux-mips64el': [ '0.25.12' ],
1293 silly audit   '@esbuild/linux-ppc64': [ '0.25.12' ],
1293 silly audit   '@esbuild/linux-riscv64': [ '0.25.12' ],
1293 silly audit   '@esbuild/linux-s390x': [ '0.25.12' ],
1293 silly audit   '@esbuild/linux-x64': [ '0.25.12' ],
1293 silly audit   '@esbuild/netbsd-arm64': [ '0.25.12' ],
1293 silly audit   '@esbuild/netbsd-x64': [ '0.25.12' ],
1293 silly audit   '@esbuild/openbsd-arm64': [ '0.25.12' ],
1293 silly audit   '@esbuild/openbsd-x64': [ '0.25.12' ],
1293 silly audit   '@esbuild/openharmony-arm64': [ '0.25.12' ],
1293 silly audit   '@esbuild/sunos-x64': [ '0.25.12' ],
1293 silly audit   '@esbuild/win32-arm64': [ '0.25.12' ],
1293 silly audit   '@esbuild/win32-ia32': [ '0.25.12' ],
1293 silly audit   '@esbuild/win32-x64': [ '0.25.12' ],
1293 silly audit   '@rollup/rollup-android-arm-eabi': [ '4.61.0' ],
1293 silly audit   '@rollup/rollup-android-arm64': [ '4.61.0' ],
1293 silly audit   '@rollup/rollup-darwin-arm64': [ '4.61.0' ],
1293 silly audit   '@rollup/rollup-darwin-x64': [ '4.61.0' ],
1293 silly audit   '@rollup/rollup-freebsd-arm64': [ '4.61.0' ],
1293 silly audit   '@rollup/rollup-freebsd-x64': [ '4.61.0' ],
1293 silly audit   '@rollup/rollup-linux-arm-gnueabihf': [ '4.61.0' ],
1293 silly audit   '@rollup/rollup-linux-arm-musleabihf': [ '4.61.0' ],
1293 silly audit   '@rollup/rollup-linux-arm64-gnu': [ '4.61.0' ],
1293 silly audit   '@rollup/rollup-linux-arm64-musl': [ '4.61.0' ],
1293 silly audit   '@rollup/rollup-linux-loong64-gnu': [ '4.61.0' ],
1293 silly audit   '@rollup/rollup-linux-loong64-musl': [ '4.61.0' ],
1293 silly audit   '@rollup/rollup-linux-ppc64-gnu': [ '4.61.0' ],
1293 silly audit   '@rollup/rollup-linux-ppc64-musl': [ '4.61.0' ],
1293 silly audit   '@rollup/rollup-linux-riscv64-gnu': [ '4.61.0' ],
1293 silly audit   '@rollup/rollup-linux-riscv64-musl': [ '4.61.0' ],
1293 silly audit   '@rollup/rollup-linux-s390x-gnu': [ '4.61.0' ],
1293 silly audit   '@rollup/rollup-linux-x64-gnu': [ '4.61.0' ],
1293 silly audit   '@rollup/rollup-linux-x64-musl': [ '4.61.0' ],
1293 silly audit   '@rollup/rollup-openbsd-x64': [ '4.61.0' ],
1293 silly audit   '@rollup/rollup-openharmony-arm64': [ '4.61.0' ],
1293 silly audit   '@rollup/rollup-win32-arm64-msvc': [ '4.61.0' ],
1293 silly audit   '@rollup/rollup-win32-ia32-msvc': [ '4.61.0' ],
1293 silly audit   '@rollup/rollup-win32-x64-gnu': [ '4.61.0' ],
1293 silly audit   '@rollup/rollup-win32-x64-msvc': [ '4.61.0' ],
1293 silly audit   '@types/estree': [ '1.0.9' ]
1293 silly audit }
1294 http cache @rollup/rollup-win32-x64-msvc@https://registry.npmjs.org/@rollup/rollup-win32-x64-msvc/-/rollup-win32-x64-msvc-4.61.0.tgz 0ms (cache hit)
1295 http cache @types/estree@https://registry.npmjs.org/@types/estree/-/estree-1.0.9.tgz 0ms (cache hit)
1296 http cache @rollup/rollup-win32-x64-gnu@https://registry.npmjs.org/@rollup/rollup-win32-x64-gnu/-/rollup-win32-x64-gnu-4.61.0.tgz 0ms (cache hit)
1297 http cache @esbuild/win32-x64@https://registry.npmjs.org/@esbuild/win32-x64/-/win32-x64-0.25.12.tgz 0ms (cache hit)
1298 http cache esbuild@https://registry.npmjs.org/esbuild/-/esbuild-0.25.12.tgz 0ms (cache hit)
1299 http cache rollup@https://registry.npmjs.org/rollup/-/rollup-4.61.0.tgz 0ms (cache hit)
1300 http cache d3-path@https://registry.npmjs.org/d3-path/-/d3-path-3.1.0.tgz 0ms (cache hit)
1301 http cache d3-time-format@https://registry.npmjs.org/d3-time-format/-/d3-time-format-4.1.0.tgz 0ms (cache hit)
1302 http cache d3-format@https://registry.npmjs.org/d3-format/-/d3-format-3.1.2.tgz 0ms (cache hit)
1303 http cache d3-color@https://registry.npmjs.org/d3-color/-/d3-color-3.1.0.tgz 0ms (cache hit)
1304 http cache internmap@https://registry.npmjs.org/internmap/-/internmap-2.0.3.tgz 0ms (cache hit)
1305 http cache @types/d3-path@https://registry.npmjs.org/@types/d3-path/-/d3-path-3.1.1.tgz 0ms (cache hit)
1306 http cache @types/d3-color@https://registry.npmjs.org/@types/d3-color/-/d3-color-3.1.3.tgz 0ms (cache hit)
1307 http cache d3-time@https://registry.npmjs.org/d3-time/-/d3-time-3.1.0.tgz 0ms (cache hit)
1308 http cache d3-timer@https://registry.npmjs.org/d3-timer/-/d3-timer-3.0.1.tgz 0ms (cache hit)
1309 http cache d3-shape@https://registry.npmjs.org/d3-shape/-/d3-shape-3.2.0.tgz 0ms (cache hit)
1310 http cache d3-scale@https://registry.npmjs.org/d3-scale/-/d3-scale-4.0.2.tgz 0ms (cache hit)
1311 http cache d3-interpolate@https://registry.npmjs.org/d3-interpolate/-/d3-interpolate-3.0.1.tgz 0ms (cache hit)
1312 http cache d3-ease@https://registry.npmjs.org/d3-ease/-/d3-ease-3.0.1.tgz 0ms (cache hit)
1313 http cache d3-array@https://registry.npmjs.org/d3-array/-/d3-array-3.2.4.tgz 0ms (cache hit)
1314 http cache @types/d3-time@https://registry.npmjs.org/@types/d3-time/-/d3-time-3.0.4.tgz 0ms (cache hit)
1315 http cache @types/d3-timer@https://registry.npmjs.org/@types/d3-timer/-/d3-timer-3.0.2.tgz 0ms (cache hit)
1316 http cache @types/d3-interpolate@https://registry.npmjs.org/@types/d3-interpolate/-/d3-interpolate-3.0.4.tgz 0ms (cache hit)
1317 http cache @types/d3-scale@https://registry.npmjs.org/@types/d3-scale/-/d3-scale-4.0.9.tgz 0ms (cache hit)
1318 http cache @types/d3-shape@https://registry.npmjs.org/@types/d3-shape/-/d3-shape-3.1.8.tgz 0ms (cache hit)
1319 http cache @types/d3-ease@https://registry.npmjs.org/@types/d3-ease/-/d3-ease-3.0.2.tgz 0ms (cache hit)
1320 http cache @types/d3-array@https://registry.npmjs.org/@types/d3-array/-/d3-array-3.2.2.tgz 0ms (cache hit)
1321 http cache escalade@https://registry.npmjs.org/escalade/-/escalade-3.2.0.tgz 0ms (cache hit)
1322 http cache is-number@https://registry.npmjs.org/is-number/-/is-number-7.0.0.tgz 0ms (cache hit)
1323 http cache thenify@https://registry.npmjs.org/thenify/-/thenify-3.3.1.tgz 0ms (cache hit)
1324 http cache thenify-all@https://registry.npmjs.org/thenify-all/-/thenify-all-1.6.0.tgz 0ms (cache hit)
1325 http cache any-promise@https://registry.npmjs.org/any-promise/-/any-promise-1.3.0.tgz 0ms (cache hit)
1326 http cache ts-interface-checker@https://registry.npmjs.org/ts-interface-checker/-/ts-interface-checker-0.1.13.tgz 0ms (cache hit)
1327 http cache tinyglobby@https://registry.npmjs.org/tinyglobby/-/tinyglobby-0.2.17.tgz 0ms (cache hit)
1328 http cache pirates@https://registry.npmjs.org/pirates/-/pirates-4.0.7.tgz 0ms (cache hit)
1329 http cache lines-and-columns@https://registry.npmjs.org/lines-and-columns/-/lines-and-columns-1.2.4.tgz 0ms (cache hit)
1330 http cache commander@https://registry.npmjs.org/commander/-/commander-4.1.1.tgz 0ms (cache hit)
1331 http cache queue-microtask@https://registry.npmjs.org/queue-microtask/-/queue-microtask-1.2.3.tgz 0ms (cache hit)
1332 http cache mz@https://registry.npmjs.org/mz/-/mz-2.7.0.tgz 0ms (cache hit)
1333 http cache function-bind@https://registry.npmjs.org/function-bind/-/function-bind-1.1.2.tgz 0ms (cache hit)
1334 http cache hasown@https://registry.npmjs.org/hasown/-/hasown-2.0.4.tgz 1ms (cache hit)
1335 http cache supports-preserve-symlinks-flag@https://registry.npmjs.org/supports-preserve-symlinks-flag/-/supports-preserve-symlinks-flag-1.0.0.tgz 0ms (cache hit)
1336 http cache path-parse@https://registry.npmjs.org/path-parse/-/path-parse-1.0.7.tgz 0ms (cache hit)
1337 http cache is-core-module@https://registry.npmjs.org/is-core-module/-/is-core-module-2.16.2.tgz 0ms (cache hit)
1338 http cache es-errors@https://registry.npmjs.org/es-errors/-/es-errors-1.3.0.tgz 0ms (cache hit)
1339 http cache util-deprecate@https://registry.npmjs.org/util-deprecate/-/util-deprecate-1.0.2.tgz 0ms (cache hit)
1340 http cache pify@https://registry.npmjs.org/pify/-/pify-2.3.0.tgz 0ms (cache hit)
1341 http cache camelcase-css@https://registry.npmjs.org/camelcase-css/-/camelcase-css-2.0.1.tgz 0ms (cache hit)
1342 http cache cssesc@https://registry.npmjs.org/cssesc/-/cssesc-3.0.0.tgz 0ms (cache hit)
1343 http cache read-cache@https://registry.npmjs.org/read-cache/-/read-cache-1.0.0.tgz 0ms (cache hit)
1344 http cache is-extglob@https://registry.npmjs.org/is-extglob/-/is-extglob-2.1.1.tgz 0ms (cache hit)
1345 http cache to-regex-range@https://registry.npmjs.org/to-regex-range/-/to-regex-range-5.0.1.tgz 0ms (cache hit)
1346 http cache binary-extensions@https://registry.npmjs.org/binary-extensions/-/binary-extensions-2.3.0.tgz 0ms (cache hit)
1347 http cache reusify@https://registry.npmjs.org/reusify/-/reusify-1.1.0.tgz 0ms (cache hit)
1348 http cache run-parallel@https://registry.npmjs.org/run-parallel/-/run-parallel-1.2.0.tgz 0ms (cache hit)
1349 http cache @nodelib/fs.scandir@https://registry.npmjs.org/@nodelib/fs.scandir/-/fs.scandir-2.1.5.tgz 0ms (cache hit)
1350 http cache fastq@https://registry.npmjs.org/fastq/-/fastq-1.20.1.tgz 0ms (cache hit)
1351 http cache @nodelib/fs.walk@https://registry.npmjs.org/@nodelib/fs.walk/-/fs.walk-1.2.8.tgz 0ms (cache hit)
1352 http cache merge2@https://registry.npmjs.org/merge2/-/merge2-1.4.1.tgz 0ms (cache hit)
1353 http cache @nodelib/fs.stat@https://registry.npmjs.org/@nodelib/fs.stat/-/fs.stat-2.0.5.tgz 0ms (cache hit)
1354 http cache fill-range@https://registry.npmjs.org/fill-range/-/fill-range-7.1.1.tgz 0ms (cache hit)
1355 http cache picomatch@https://registry.npmjs.org/picomatch/-/picomatch-2.3.2.tgz 0ms (cache hit)
1356 http cache readdirp@https://registry.npmjs.org/readdirp/-/readdirp-3.6.0.tgz 0ms (cache hit)
1357 http cache is-binary-path@https://registry.npmjs.org/is-binary-path/-/is-binary-path-2.1.0.tgz 0ms (cache hit)
1358 http cache sucrase@https://registry.npmjs.org/sucrase/-/sucrase-3.35.1.tgz 0ms (cache hit)
1359 http cache braces@https://registry.npmjs.org/braces/-/braces-3.0.3.tgz 0ms (cache hit)
1360 http cache postcss-selector-parser@https://registry.npmjs.org/postcss-selector-parser/-/postcss-selector-parser-6.1.2.tgz 0ms (cache hit)
1361 http cache resolve@https://registry.npmjs.org/resolve/-/resolve-1.22.12.tgz 0ms (cache hit)
1362 http cache anymatch@https://registry.npmjs.org/anymatch/-/anymatch-3.1.3.tgz 0ms (cache hit)
1363 http cache postcss-nested@https://registry.npmjs.org/postcss-nested/-/postcss-nested-6.2.0.tgz 0ms (cache hit)
1364 http cache postcss-load-config@https://registry.npmjs.org/postcss-load-config/-/postcss-load-config-6.0.1.tgz 0ms (cache hit)
1365 http cache postcss-js@https://registry.npmjs.org/postcss-js/-/postcss-js-4.1.0.tgz 0ms (cache hit)
1366 http cache postcss-import@https://registry.npmjs.org/postcss-import/-/postcss-import-15.1.0.tgz 0ms (cache hit)
1367 http cache object-hash@https://registry.npmjs.org/object-hash/-/object-hash-3.0.0.tgz 0ms (cache hit)
1368 http cache normalize-path@https://registry.npmjs.org/normalize-path/-/normalize-path-3.0.0.tgz 0ms (cache hit)
1369 http cache micromatch@https://registry.npmjs.org/micromatch/-/micromatch-4.0.8.tgz 0ms (cache hit)
1370 http cache is-glob@https://registry.npmjs.org/is-glob/-/is-glob-4.0.3.tgz 0ms (cache hit)
1371 http cache glob-parent@https://registry.npmjs.org/glob-parent/-/glob-parent-6.0.2.tgz 0ms (cache hit)
1372 http cache fast-glob@https://registry.npmjs.org/fast-glob/-/fast-glob-3.3.3.tgz 0ms (cache hit)
1373 http cache dlv@https://registry.npmjs.org/dlv/-/dlv-1.1.3.tgz 0ms (cache hit)
1374 http cache lilconfig@https://registry.npmjs.org/lilconfig/-/lilconfig-3.1.3.tgz 0ms (cache hit)
1375 http cache didyoumean@https://registry.npmjs.org/didyoumean/-/didyoumean-1.2.2.tgz 0ms (cache hit)
1376 http cache arg@https://registry.npmjs.org/arg/-/arg-5.0.2.tgz 0ms (cache hit)
1377 http cache jiti@https://registry.npmjs.org/jiti/-/jiti-1.21.7.tgz 0ms (cache hit)
1378 http cache chokidar@https://registry.npmjs.org/chokidar/-/chokidar-3.6.0.tgz 0ms (cache hit)
1379 http cache @alloc/quick-lru@https://registry.npmjs.org/@alloc/quick-lru/-/quick-lru-5.2.0.tgz 0ms (cache hit)
1380 http cache decimal.js-light@https://registry.npmjs.org/decimal.js-light/-/decimal.js-light-2.5.1.tgz 0ms (cache hit)
1381 http cache csstype@https://registry.npmjs.org/csstype/-/csstype-3.2.3.tgz 0ms (cache hit)
1382 http cache @babel/runtime@https://registry.npmjs.org/@babel/runtime/-/runtime-7.29.7.tgz 0ms (cache hit)
1383 http cache dom-helpers@https://registry.npmjs.org/dom-helpers/-/dom-helpers-5.2.1.tgz 0ms (cache hit)
1384 http cache object-assign@https://registry.npmjs.org/object-assign/-/object-assign-4.1.1.tgz 0ms (cache hit)
1385 http cache loose-envify@https://registry.npmjs.org/loose-envify/-/loose-envify-1.4.0.tgz 0ms (cache hit)
1386 http cache react-transition-group@https://registry.npmjs.org/react-transition-group/-/react-transition-group-4.4.5.tgz 0ms (cache hit)
1387 http cache fast-equals@https://registry.npmjs.org/fast-equals/-/fast-equals-5.4.0.tgz 0ms (cache hit)
1388 http cache prop-types@https://registry.npmjs.org/prop-types/-/prop-types-15.8.1.tgz 0ms (cache hit)
1389 http cache victory-vendor@https://registry.npmjs.org/victory-vendor/-/victory-vendor-36.9.2.tgz 0ms (cache hit)
1390 http cache tiny-invariant@https://registry.npmjs.org/tiny-invariant/-/tiny-invariant-1.3.3.tgz 0ms (cache hit)
1391 http cache recharts-scale@https://registry.npmjs.org/recharts-scale/-/recharts-scale-0.4.5.tgz 0ms (cache hit)
1392 http cache react-smooth@https://registry.npmjs.org/react-smooth/-/react-smooth-4.0.4.tgz 0ms (cache hit)
1393 http cache react-is@https://registry.npmjs.org/react-is/-/react-is-18.3.1.tgz 0ms (cache hit)
1394 http cache lodash@https://registry.npmjs.org/lodash/-/lodash-4.18.1.tgz 0ms (cache hit)
1395 http cache eventemitter3@https://registry.npmjs.org/eventemitter3/-/eventemitter3-4.0.7.tgz 0ms (cache hit)
1396 http cache cookie@https://registry.npmjs.org/cookie/-/cookie-1.1.1.tgz 0ms (cache hit)
1397 http cache clsx@https://registry.npmjs.org/clsx/-/clsx-2.1.1.tgz 0ms (cache hit)
1398 http cache react-router@https://registry.npmjs.org/react-router/-/react-router-7.16.0.tgz 0ms (cache hit)
1399 http cache set-cookie-parser@https://registry.npmjs.org/set-cookie-parser/-/set-cookie-parser-2.7.2.tgz 0ms (cache hit)
1400 http cache scheduler@https://registry.npmjs.org/scheduler/-/scheduler-0.27.0.tgz 0ms (cache hit)
1401 http cache source-map-js@https://registry.npmjs.org/source-map-js/-/source-map-js-1.2.1.tgz 0ms (cache hit)
1402 http cache nanoid@https://registry.npmjs.org/nanoid/-/nanoid-3.3.12.tgz 0ms (cache hit)
1403 http cache yallist@https://registry.npmjs.org/yallist/-/yallist-3.1.1.tgz 0ms (cache hit)
1404 http cache ms@https://registry.npmjs.org/ms/-/ms-2.1.3.tgz 0ms (cache hit)
1405 http cache update-browserslist-db@https://registry.npmjs.org/update-browserslist-db/-/update-browserslist-db-1.2.3.tgz 0ms (cache hit)
1406 http cache node-releases@https://registry.npmjs.org/node-releases/-/node-releases-2.0.47.tgz 0ms (cache hit)
1407 http cache electron-to-chromium@https://registry.npmjs.org/electron-to-chromium/-/electron-to-chromium-1.5.365.tgz 0ms (cache hit)
1408 http cache baseline-browser-mapping@https://registry.npmjs.org/baseline-browser-mapping/-/baseline-browser-mapping-2.10.33.tgz 0ms (cache hit)
1409 http cache postcss-value-parser@https://registry.npmjs.org/postcss-value-parser/-/postcss-value-parser-4.2.0.tgz 0ms (cache hit)
1410 http cache caniuse-lite@https://registry.npmjs.org/caniuse-lite/-/caniuse-lite-1.0.30001793.tgz 0ms (cache hit)
1411 http cache fraction.js@https://registry.npmjs.org/fraction.js/-/fraction.js-5.3.4.tgz 0ms (cache hit)
1412 http cache @types/babel__template@https://registry.npmjs.org/@types/babel__template/-/babel__template-7.4.4.tgz 0ms (cache hit)
1413 http cache @types/babel__traverse@https://registry.npmjs.org/@types/babel__traverse/-/babel__traverse-7.28.0.tgz 0ms (cache hit)
1414 http cache @jridgewell/sourcemap-codec@https://registry.npmjs.org/@jridgewell/sourcemap-codec/-/sourcemap-codec-1.5.5.tgz 0ms (cache hit)
1415 http cache @babel/helper-string-parser@https://registry.npmjs.org/@babel/helper-string-parser/-/helper-string-parser-7.29.7.tgz 0ms (cache hit)
1416 http cache @types/babel__generator@https://registry.npmjs.org/@types/babel__generator/-/babel__generator-7.27.0.tgz 0ms (cache hit)
1417 http cache @jridgewell/resolve-uri@https://registry.npmjs.org/@jridgewell/resolve-uri/-/resolve-uri-3.1.2.tgz 0ms (cache hit)
1418 http cache @babel/helper-plugin-utils@https://registry.npmjs.org/@babel/helper-plugin-utils/-/helper-plugin-utils-7.29.7.tgz 0ms (cache hit)
1419 http cache @babel/helper-globals@https://registry.npmjs.org/@babel/helper-globals/-/helper-globals-7.29.7.tgz 0ms (cache hit)
1420 http cache lru-cache@https://registry.npmjs.org/lru-cache/-/lru-cache-5.1.1.tgz 0ms (cache hit)
1421 http cache @babel/helper-module-imports@https://registry.npmjs.org/@babel/helper-module-imports/-/helper-module-imports-7.29.7.tgz 0ms (cache hit)
1422 http cache @babel/helper-validator-option@https://registry.npmjs.org/@babel/helper-validator-option/-/helper-validator-option-7.29.7.tgz 0ms (cache hit)
1423 http cache browserslist@https://registry.npmjs.org/browserslist/-/browserslist-4.28.2.tgz 0ms (cache hit)
1424 http cache jsesc@https://registry.npmjs.org/jsesc/-/jsesc-3.1.0.tgz 0ms (cache hit)
1425 http cache @babel/compat-data@https://registry.npmjs.org/@babel/compat-data/-/compat-data-7.29.7.tgz 0ms (cache hit)
1426 http cache @jridgewell/gen-mapping@https://registry.npmjs.org/@jridgewell/gen-mapping/-/gen-mapping-0.3.13.tgz 0ms (cache hit)
1427 http cache @jridgewell/trace-mapping@https://registry.npmjs.org/@jridgewell/trace-mapping/-/trace-mapping-0.3.31.tgz 0ms (cache hit)
1428 http cache picocolors@https://registry.npmjs.org/picocolors/-/picocolors-1.1.1.tgz 0ms (cache hit)
1429 http cache js-tokens@https://registry.npmjs.org/js-tokens/-/js-tokens-4.0.0.tgz 0ms (cache hit)
1430 http cache @babel/helper-validator-identifier@https://registry.npmjs.org/@babel/helper-validator-identifier/-/helper-validator-identifier-7.29.7.tgz 0ms (cache hit)
1431 http cache semver@https://registry.npmjs.org/semver/-/semver-6.3.1.tgz 0ms (cache hit)
1432 http cache json5@https://registry.npmjs.org/json5/-/json5-2.2.3.tgz 0ms (cache hit)
1433 http cache gensync@https://registry.npmjs.org/gensync/-/gensync-1.0.0-beta.2.tgz 0ms (cache hit)
1434 http cache debug@https://registry.npmjs.org/debug/-/debug-4.4.3.tgz 0ms (cache hit)
1435 http cache convert-source-map@https://registry.npmjs.org/convert-source-map/-/convert-source-map-2.0.0.tgz 0ms (cache hit)
1436 http cache @jridgewell/remapping@https://registry.npmjs.org/@jridgewell/remapping/-/remapping-2.3.5.tgz 2ms (cache hit)
1437 http cache @babel/traverse@https://registry.npmjs.org/@babel/traverse/-/traverse-7.29.7.tgz 0ms (cache hit)
1438 http cache @babel/types@https://registry.npmjs.org/@babel/types/-/types-7.29.7.tgz 0ms (cache hit)
1439 http cache @babel/template@https://registry.npmjs.org/@babel/template/-/template-7.29.7.tgz 0ms (cache hit)
1440 http cache @babel/helpers@https://registry.npmjs.org/@babel/helpers/-/helpers-7.29.7.tgz 0ms (cache hit)
1441 http cache @babel/helper-module-transforms@https://registry.npmjs.org/@babel/helper-module-transforms/-/helper-module-transforms-7.29.7.tgz 0ms (cache hit)
1442 http cache @babel/helper-compilation-targets@https://registry.npmjs.org/@babel/helper-compilation-targets/-/helper-compilation-targets-7.29.7.tgz 0ms (cache hit)
1443 http cache @babel/parser@https://registry.npmjs.org/@babel/parser/-/parser-7.29.7.tgz 0ms (cache hit)
1444 http cache @babel/generator@https://registry.npmjs.org/@babel/generator/-/generator-7.29.7.tgz 0ms (cache hit)
1445 http cache @babel/code-frame@https://registry.npmjs.org/@babel/code-frame/-/code-frame-7.29.7.tgz 0ms (cache hit)
1446 http cache @types/babel__core@https://registry.npmjs.org/@types/babel__core/-/babel__core-7.20.5.tgz 0ms (cache hit)
1447 http cache react-refresh@https://registry.npmjs.org/react-refresh/-/react-refresh-0.17.0.tgz 0ms (cache hit)
1448 http cache @rolldown/pluginutils@https://registry.npmjs.org/@rolldown/pluginutils/-/pluginutils-1.0.0-beta.27.tgz 0ms (cache hit)
1449 http cache @babel/plugin-transform-react-jsx-source@https://registry.npmjs.org/@babel/plugin-transform-react-jsx-source/-/plugin-transform-react-jsx-source-7.29.7.tgz 0ms (cache hit)
1450 http cache @babel/plugin-transform-react-jsx-self@https://registry.npmjs.org/@babel/plugin-transform-react-jsx-self/-/plugin-transform-react-jsx-self-7.29.7.tgz 0ms (cache hit)
1451 http cache @babel/core@https://registry.npmjs.org/@babel/core/-/core-7.29.7.tgz 0ms (cache hit)
1452 http cache typescript@https://registry.npmjs.org/typescript/-/typescript-5.9.3.tgz 0ms (cache hit)
1453 http cache recharts@https://registry.npmjs.org/recharts/-/recharts-2.15.4.tgz 0ms (cache hit)
1454 http cache react-router-dom@https://registry.npmjs.org/react-router-dom/-/react-router-dom-7.16.0.tgz 0ms (cache hit)
1455 http cache tailwindcss@https://registry.npmjs.org/tailwindcss/-/tailwindcss-3.4.19.tgz 0ms (cache hit)
1456 http cache react@https://registry.npmjs.org/react/-/react-19.2.7.tgz 0ms (cache hit)
1457 http cache react-dom@https://registry.npmjs.org/react-dom/-/react-dom-19.2.7.tgz 0ms (cache hit)
1458 http cache lucide-react@https://registry.npmjs.org/lucide-react/-/lucide-react-0.468.0.tgz 0ms (cache hit)
1459 http cache postcss@https://registry.npmjs.org/postcss/-/postcss-8.5.15.tgz 0ms (cache hit)
1460 http cache autoprefixer@https://registry.npmjs.org/autoprefixer/-/autoprefixer-10.5.0.tgz 0ms (cache hit)
1461 http cache @vitejs/plugin-react@https://registry.npmjs.org/@vitejs/plugin-react/-/plugin-react-4.7.0.tgz 0ms (cache hit)
1462 http cache vite@https://registry.npmjs.org/vite/-/vite-6.4.3.tgz 0ms (cache hit)
1463 http cache glob-parent@https://registry.npmjs.org/glob-parent/-/glob-parent-5.1.2.tgz 0ms (cache hit)
1464 http cache fdir@https://registry.npmjs.org/fdir/-/fdir-6.5.0.tgz 0ms (cache hit)
1465 http cache picomatch@https://registry.npmjs.org/picomatch/-/picomatch-4.0.4.tgz 0ms (cache hit)
1466 http cache glob-parent@https://registry.npmjs.org/glob-parent/-/glob-parent-5.1.2.tgz 0ms (cache hit)
1467 http cache react-is@https://registry.npmjs.org/react-is/-/react-is-16.13.1.tgz 0ms (cache hit)
1468 silly tarball no local data for @rollup/rollup-win32-x64-msvc@https://registry.npmjs.org/@rollup/rollup-win32-x64-msvc/-/rollup-win32-x64-msvc-4.61.0.tgz. Extracting by manifest.
1469 http cache picomatch@https://registry.npmjs.org/picomatch/-/picomatch-4.0.4.tgz 0ms (cache hit)
1470 silly tarball no local data for @types/estree@https://registry.npmjs.org/@types/estree/-/estree-1.0.9.tgz. Extracting by manifest.
1471 silly tarball no local data for @rollup/rollup-win32-x64-gnu@https://registry.npmjs.org/@rollup/rollup-win32-x64-gnu/-/rollup-win32-x64-gnu-4.61.0.tgz. Extracting by manifest.
1472 http cache fdir@https://registry.npmjs.org/fdir/-/fdir-6.5.0.tgz 1ms (cache hit)
1473 silly tarball no local data for @esbuild/win32-x64@https://registry.npmjs.org/@esbuild/win32-x64/-/win32-x64-0.25.12.tgz. Extracting by manifest.
1474 silly tarball no local data for esbuild@https://registry.npmjs.org/esbuild/-/esbuild-0.25.12.tgz. Extracting by manifest.
1475 silly tarball no local data for rollup@https://registry.npmjs.org/rollup/-/rollup-4.61.0.tgz. Extracting by manifest.
1476 silly tarball no local data for d3-path@https://registry.npmjs.org/d3-path/-/d3-path-3.1.0.tgz. Extracting by manifest.
1477 silly tarball no local data for d3-time-format@https://registry.npmjs.org/d3-time-format/-/d3-time-format-4.1.0.tgz. Extracting by manifest.
1478 silly tarball no local data for d3-format@https://registry.npmjs.org/d3-format/-/d3-format-3.1.2.tgz. Extracting by manifest.
1479 silly tarball no local data for d3-color@https://registry.npmjs.org/d3-color/-/d3-color-3.1.0.tgz. Extracting by manifest.
1480 silly tarball no local data for internmap@https://registry.npmjs.org/internmap/-/internmap-2.0.3.tgz. Extracting by manifest.
1481 silly tarball no local data for @types/d3-path@https://registry.npmjs.org/@types/d3-path/-/d3-path-3.1.1.tgz. Extracting by manifest.
1482 silly tarball no local data for @types/d3-color@https://registry.npmjs.org/@types/d3-color/-/d3-color-3.1.3.tgz. Extracting by manifest.
1483 silly tarball no local data for d3-time@https://registry.npmjs.org/d3-time/-/d3-time-3.1.0.tgz. Extracting by manifest.
1484 silly tarball no local data for d3-timer@https://registry.npmjs.org/d3-timer/-/d3-timer-3.0.1.tgz. Extracting by manifest.
1485 silly tarball no local data for d3-shape@https://registry.npmjs.org/d3-shape/-/d3-shape-3.2.0.tgz. Extracting by manifest.
1486 silly tarball no local data for d3-scale@https://registry.npmjs.org/d3-scale/-/d3-scale-4.0.2.tgz. Extracting by manifest.
1487 silly tarball no local data for d3-interpolate@https://registry.npmjs.org/d3-interpolate/-/d3-interpolate-3.0.1.tgz. Extracting by manifest.
1488 silly tarball no local data for d3-ease@https://registry.npmjs.org/d3-ease/-/d3-ease-3.0.1.tgz. Extracting by manifest.
1489 silly tarball no local data for d3-array@https://registry.npmjs.org/d3-array/-/d3-array-3.2.4.tgz. Extracting by manifest.
1490 silly tarball no local data for @types/d3-time@https://registry.npmjs.org/@types/d3-time/-/d3-time-3.0.4.tgz. Extracting by manifest.
1491 silly tarball no local data for @types/d3-timer@https://registry.npmjs.org/@types/d3-timer/-/d3-timer-3.0.2.tgz. Extracting by manifest.
1492 silly tarball no local data for @types/d3-interpolate@https://registry.npmjs.org/@types/d3-interpolate/-/d3-interpolate-3.0.4.tgz. Extracting by manifest.
1493 silly tarball no local data for @types/d3-scale@https://registry.npmjs.org/@types/d3-scale/-/d3-scale-4.0.9.tgz. Extracting by manifest.
1494 silly tarball no local data for @types/d3-shape@https://registry.npmjs.org/@types/d3-shape/-/d3-shape-3.1.8.tgz. Extracting by manifest.
1495 silly tarball no local data for @types/d3-ease@https://registry.npmjs.org/@types/d3-ease/-/d3-ease-3.0.2.tgz. Extracting by manifest.
1496 silly tarball no local data for @types/d3-array@https://registry.npmjs.org/@types/d3-array/-/d3-array-3.2.2.tgz. Extracting by manifest.
1497 silly tarball no local data for escalade@https://registry.npmjs.org/escalade/-/escalade-3.2.0.tgz. Extracting by manifest.
1498 silly tarball no local data for is-number@https://registry.npmjs.org/is-number/-/is-number-7.0.0.tgz. Extracting by manifest.
1499 silly tarball no local data for thenify@https://registry.npmjs.org/thenify/-/thenify-3.3.1.tgz. Extracting by manifest.
1500 silly tarball no local data for thenify-all@https://registry.npmjs.org/thenify-all/-/thenify-all-1.6.0.tgz. Extracting by manifest.
1501 silly tarball no local data for any-promise@https://registry.npmjs.org/any-promise/-/any-promise-1.3.0.tgz. Extracting by manifest.
1502 silly tarball no local data for ts-interface-checker@https://registry.npmjs.org/ts-interface-checker/-/ts-interface-checker-0.1.13.tgz. Extracting by manifest.
1503 silly tarball no local data for tinyglobby@https://registry.npmjs.org/tinyglobby/-/tinyglobby-0.2.17.tgz. Extracting by manifest.
1504 silly tarball no local data for pirates@https://registry.npmjs.org/pirates/-/pirates-4.0.7.tgz. Extracting by manifest.
1505 silly tarball no local data for lines-and-columns@https://registry.npmjs.org/lines-and-columns/-/lines-and-columns-1.2.4.tgz. Extracting by manifest.
1506 silly tarball no local data for commander@https://registry.npmjs.org/commander/-/commander-4.1.1.tgz. Extracting by manifest.
1507 silly tarball no local data for queue-microtask@https://registry.npmjs.org/queue-microtask/-/queue-microtask-1.2.3.tgz. Extracting by manifest.
1508 silly tarball no local data for mz@https://registry.npmjs.org/mz/-/mz-2.7.0.tgz. Extracting by manifest.
1509 silly tarball no local data for function-bind@https://registry.npmjs.org/function-bind/-/function-bind-1.1.2.tgz. Extracting by manifest.
1510 silly tarball no local data for hasown@https://registry.npmjs.org/hasown/-/hasown-2.0.4.tgz. Extracting by manifest.
1511 silly tarball no local data for supports-preserve-symlinks-flag@https://registry.npmjs.org/supports-preserve-symlinks-flag/-/supports-preserve-symlinks-flag-1.0.0.tgz. Extracting by manifest.
1512 silly tarball no local data for path-parse@https://registry.npmjs.org/path-parse/-/path-parse-1.0.7.tgz. Extracting by manifest.
1513 silly tarball no local data for is-core-module@https://registry.npmjs.org/is-core-module/-/is-core-module-2.16.2.tgz. Extracting by manifest.
1514 silly tarball no local data for es-errors@https://registry.npmjs.org/es-errors/-/es-errors-1.3.0.tgz. Extracting by manifest.
1515 silly tarball no local data for util-deprecate@https://registry.npmjs.org/util-deprecate/-/util-deprecate-1.0.2.tgz. Extracting by manifest.
1516 silly tarball no local data for pify@https://registry.npmjs.org/pify/-/pify-2.3.0.tgz. Extracting by manifest.
1517 silly tarball no local data for camelcase-css@https://registry.npmjs.org/camelcase-css/-/camelcase-css-2.0.1.tgz. Extracting by manifest.
1518 silly tarball no local data for cssesc@https://registry.npmjs.org/cssesc/-/cssesc-3.0.0.tgz. Extracting by manifest.
1519 silly tarball no local data for read-cache@https://registry.npmjs.org/read-cache/-/read-cache-1.0.0.tgz. Extracting by manifest.
1520 silly tarball no local data for is-extglob@https://registry.npmjs.org/is-extglob/-/is-extglob-2.1.1.tgz. Extracting by manifest.
1521 silly tarball no local data for to-regex-range@https://registry.npmjs.org/to-regex-range/-/to-regex-range-5.0.1.tgz. Extracting by manifest.
1522 silly tarball no local data for binary-extensions@https://registry.npmjs.org/binary-extensions/-/binary-extensions-2.3.0.tgz. Extracting by manifest.
1523 silly tarball no local data for reusify@https://registry.npmjs.org/reusify/-/reusify-1.1.0.tgz. Extracting by manifest.
1524 silly tarball no local data for run-parallel@https://registry.npmjs.org/run-parallel/-/run-parallel-1.2.0.tgz. Extracting by manifest.
1525 silly tarball no local data for @nodelib/fs.scandir@https://registry.npmjs.org/@nodelib/fs.scandir/-/fs.scandir-2.1.5.tgz. Extracting by manifest.
1526 silly tarball no local data for fastq@https://registry.npmjs.org/fastq/-/fastq-1.20.1.tgz. Extracting by manifest.
1527 silly tarball no local data for @nodelib/fs.walk@https://registry.npmjs.org/@nodelib/fs.walk/-/fs.walk-1.2.8.tgz. Extracting by manifest.
1528 silly tarball no local data for merge2@https://registry.npmjs.org/merge2/-/merge2-1.4.1.tgz. Extracting by manifest.
1529 silly tarball no local data for @nodelib/fs.stat@https://registry.npmjs.org/@nodelib/fs.stat/-/fs.stat-2.0.5.tgz. Extracting by manifest.
1530 silly tarball no local data for fill-range@https://registry.npmjs.org/fill-range/-/fill-range-7.1.1.tgz. Extracting by manifest.
1531 silly tarball no local data for picomatch@https://registry.npmjs.org/picomatch/-/picomatch-2.3.2.tgz. Extracting by manifest.
1532 silly tarball no local data for readdirp@https://registry.npmjs.org/readdirp/-/readdirp-3.6.0.tgz. Extracting by manifest.
1533 silly tarball no local data for is-binary-path@https://registry.npmjs.org/is-binary-path/-/is-binary-path-2.1.0.tgz. Extracting by manifest.
1534 silly tarball no local data for sucrase@https://registry.npmjs.org/sucrase/-/sucrase-3.35.1.tgz. Extracting by manifest.
1535 silly tarball no local data for braces@https://registry.npmjs.org/braces/-/braces-3.0.3.tgz. Extracting by manifest.
1536 silly tarball no local data for postcss-selector-parser@https://registry.npmjs.org/postcss-selector-parser/-/postcss-selector-parser-6.1.2.tgz. Extracting by manifest.
1537 silly tarball no local data for resolve@https://registry.npmjs.org/resolve/-/resolve-1.22.12.tgz. Extracting by manifest.
1538 silly tarball no local data for anymatch@https://registry.npmjs.org/anymatch/-/anymatch-3.1.3.tgz. Extracting by manifest.
1539 silly tarball no local data for postcss-nested@https://registry.npmjs.org/postcss-nested/-/postcss-nested-6.2.0.tgz. Extracting by manifest.
1540 silly tarball no local data for postcss-load-config@https://registry.npmjs.org/postcss-load-config/-/postcss-load-config-6.0.1.tgz. Extracting by manifest.
1541 silly tarball no local data for postcss-js@https://registry.npmjs.org/postcss-js/-/postcss-js-4.1.0.tgz. Extracting by manifest.
1542 silly tarball no local data for postcss-import@https://registry.npmjs.org/postcss-import/-/postcss-import-15.1.0.tgz. Extracting by manifest.
1543 silly tarball no local data for object-hash@https://registry.npmjs.org/object-hash/-/object-hash-3.0.0.tgz. Extracting by manifest.
1544 silly tarball no local data for normalize-path@https://registry.npmjs.org/normalize-path/-/normalize-path-3.0.0.tgz. Extracting by manifest.
1545 silly tarball no local data for micromatch@https://registry.npmjs.org/micromatch/-/micromatch-4.0.8.tgz. Extracting by manifest.
1546 silly tarball no local data for is-glob@https://registry.npmjs.org/is-glob/-/is-glob-4.0.3.tgz. Extracting by manifest.
1547 silly tarball no local data for glob-parent@https://registry.npmjs.org/glob-parent/-/glob-parent-6.0.2.tgz. Extracting by manifest.
1548 silly tarball no local data for fast-glob@https://registry.npmjs.org/fast-glob/-/fast-glob-3.3.3.tgz. Extracting by manifest.
1549 silly tarball no local data for dlv@https://registry.npmjs.org/dlv/-/dlv-1.1.3.tgz. Extracting by manifest.
1550 silly tarball no local data for lilconfig@https://registry.npmjs.org/lilconfig/-/lilconfig-3.1.3.tgz. Extracting by manifest.
1551 silly tarball no local data for didyoumean@https://registry.npmjs.org/didyoumean/-/didyoumean-1.2.2.tgz. Extracting by manifest.
1552 silly tarball no local data for arg@https://registry.npmjs.org/arg/-/arg-5.0.2.tgz. Extracting by manifest.
1553 silly tarball no local data for jiti@https://registry.npmjs.org/jiti/-/jiti-1.21.7.tgz. Extracting by manifest.
1554 silly tarball no local data for chokidar@https://registry.npmjs.org/chokidar/-/chokidar-3.6.0.tgz. Extracting by manifest.
1555 silly tarball no local data for @alloc/quick-lru@https://registry.npmjs.org/@alloc/quick-lru/-/quick-lru-5.2.0.tgz. Extracting by manifest.
1556 silly tarball no local data for decimal.js-light@https://registry.npmjs.org/decimal.js-light/-/decimal.js-light-2.5.1.tgz. Extracting by manifest.
1557 silly tarball no local data for csstype@https://registry.npmjs.org/csstype/-/csstype-3.2.3.tgz. Extracting by manifest.
1558 silly tarball no local data for @babel/runtime@https://registry.npmjs.org/@babel/runtime/-/runtime-7.29.7.tgz. Extracting by manifest.
1559 silly tarball no local data for dom-helpers@https://registry.npmjs.org/dom-helpers/-/dom-helpers-5.2.1.tgz. Extracting by manifest.
1560 silly tarball no local data for object-assign@https://registry.npmjs.org/object-assign/-/object-assign-4.1.1.tgz. Extracting by manifest.
1561 silly tarball no local data for loose-envify@https://registry.npmjs.org/loose-envify/-/loose-envify-1.4.0.tgz. Extracting by manifest.
1562 silly tarball no local data for react-transition-group@https://registry.npmjs.org/react-transition-group/-/react-transition-group-4.4.5.tgz. Extracting by manifest.
1563 silly tarball no local data for fast-equals@https://registry.npmjs.org/fast-equals/-/fast-equals-5.4.0.tgz. Extracting by manifest.
1564 silly tarball no local data for prop-types@https://registry.npmjs.org/prop-types/-/prop-types-15.8.1.tgz. Extracting by manifest.
1565 silly tarball no local data for victory-vendor@https://registry.npmjs.org/victory-vendor/-/victory-vendor-36.9.2.tgz. Extracting by manifest.
1566 silly tarball no local data for tiny-invariant@https://registry.npmjs.org/tiny-invariant/-/tiny-invariant-1.3.3.tgz. Extracting by manifest.
1567 silly tarball no local data for recharts-scale@https://registry.npmjs.org/recharts-scale/-/recharts-scale-0.4.5.tgz. Extracting by manifest.
1568 silly tarball no local data for react-smooth@https://registry.npmjs.org/react-smooth/-/react-smooth-4.0.4.tgz. Extracting by manifest.
1569 silly tarball no local data for react-is@https://registry.npmjs.org/react-is/-/react-is-18.3.1.tgz. Extracting by manifest.
1570 silly tarball no local data for lodash@https://registry.npmjs.org/lodash/-/lodash-4.18.1.tgz. Extracting by manifest.
1571 silly tarball no local data for eventemitter3@https://registry.npmjs.org/eventemitter3/-/eventemitter3-4.0.7.tgz. Extracting by manifest.
1572 silly tarball no local data for cookie@https://registry.npmjs.org/cookie/-/cookie-1.1.1.tgz. Extracting by manifest.
1573 silly tarball no local data for clsx@https://registry.npmjs.org/clsx/-/clsx-2.1.1.tgz. Extracting by manifest.
1574 silly tarball no local data for react-router@https://registry.npmjs.org/react-router/-/react-router-7.16.0.tgz. Extracting by manifest.
1575 silly tarball no local data for set-cookie-parser@https://registry.npmjs.org/set-cookie-parser/-/set-cookie-parser-2.7.2.tgz. Extracting by manifest.
1576 silly tarball no local data for scheduler@https://registry.npmjs.org/scheduler/-/scheduler-0.27.0.tgz. Extracting by manifest.
1577 silly tarball no local data for source-map-js@https://registry.npmjs.org/source-map-js/-/source-map-js-1.2.1.tgz. Extracting by manifest.
1578 silly tarball no local data for nanoid@https://registry.npmjs.org/nanoid/-/nanoid-3.3.12.tgz. Extracting by manifest.
1579 silly tarball no local data for yallist@https://registry.npmjs.org/yallist/-/yallist-3.1.1.tgz. Extracting by manifest.
1580 silly tarball no local data for ms@https://registry.npmjs.org/ms/-/ms-2.1.3.tgz. Extracting by manifest.
1581 silly tarball no local data for update-browserslist-db@https://registry.npmjs.org/update-browserslist-db/-/update-browserslist-db-1.2.3.tgz. Extracting by manifest.
1582 silly tarball no local data for node-releases@https://registry.npmjs.org/node-releases/-/node-releases-2.0.47.tgz. Extracting by manifest.
1583 silly tarball no local data for electron-to-chromium@https://registry.npmjs.org/electron-to-chromium/-/electron-to-chromium-1.5.365.tgz. Extracting by manifest.
1584 silly tarball no local data for baseline-browser-mapping@https://registry.npmjs.org/baseline-browser-mapping/-/baseline-browser-mapping-2.10.33.tgz. Extracting by manifest.
1585 silly tarball no local data for postcss-value-parser@https://registry.npmjs.org/postcss-value-parser/-/postcss-value-parser-4.2.0.tgz. Extracting by manifest.
1586 silly tarball no local data for caniuse-lite@https://registry.npmjs.org/caniuse-lite/-/caniuse-lite-1.0.30001793.tgz. Extracting by manifest.
1587 silly tarball no local data for fraction.js@https://registry.npmjs.org/fraction.js/-/fraction.js-5.3.4.tgz. Extracting by manifest.
1588 silly tarball no local data for @types/babel__template@https://registry.npmjs.org/@types/babel__template/-/babel__template-7.4.4.tgz. Extracting by manifest.
1589 silly tarball no local data for @types/babel__traverse@https://registry.npmjs.org/@types/babel__traverse/-/babel__traverse-7.28.0.tgz. Extracting by manifest.
1590 silly tarball no local data for @jridgewell/sourcemap-codec@https://registry.npmjs.org/@jridgewell/sourcemap-codec/-/sourcemap-codec-1.5.5.tgz. Extracting by manifest.
1591 silly tarball no local data for @babel/helper-string-parser@https://registry.npmjs.org/@babel/helper-string-parser/-/helper-string-parser-7.29.7.tgz. Extracting by manifest.
1592 silly tarball no local data for @types/babel__generator@https://registry.npmjs.org/@types/babel__generator/-/babel__generator-7.27.0.tgz. Extracting by manifest.
1593 silly tarball no local data for @jridgewell/resolve-uri@https://registry.npmjs.org/@jridgewell/resolve-uri/-/resolve-uri-3.1.2.tgz. Extracting by manifest.
1594 silly tarball no local data for @babel/helper-plugin-utils@https://registry.npmjs.org/@babel/helper-plugin-utils/-/helper-plugin-utils-7.29.7.tgz. Extracting by manifest.
1595 silly tarball no local data for @babel/helper-globals@https://registry.npmjs.org/@babel/helper-globals/-/helper-globals-7.29.7.tgz. Extracting by manifest.
1596 silly tarball no local data for lru-cache@https://registry.npmjs.org/lru-cache/-/lru-cache-5.1.1.tgz. Extracting by manifest.
1597 silly tarball no local data for @babel/helper-module-imports@https://registry.npmjs.org/@babel/helper-module-imports/-/helper-module-imports-7.29.7.tgz. Extracting by manifest.
1598 silly tarball no local data for @babel/helper-validator-option@https://registry.npmjs.org/@babel/helper-validator-option/-/helper-validator-option-7.29.7.tgz. Extracting by manifest.
1599 silly tarball no local data for browserslist@https://registry.npmjs.org/browserslist/-/browserslist-4.28.2.tgz. Extracting by manifest.
1600 silly tarball no local data for jsesc@https://registry.npmjs.org/jsesc/-/jsesc-3.1.0.tgz. Extracting by manifest.
1601 silly tarball no local data for @babel/compat-data@https://registry.npmjs.org/@babel/compat-data/-/compat-data-7.29.7.tgz. Extracting by manifest.
1602 silly tarball no local data for @jridgewell/gen-mapping@https://registry.npmjs.org/@jridgewell/gen-mapping/-/gen-mapping-0.3.13.tgz. Extracting by manifest.
1603 silly tarball no local data for @jridgewell/trace-mapping@https://registry.npmjs.org/@jridgewell/trace-mapping/-/trace-mapping-0.3.31.tgz. Extracting by manifest.
1604 silly tarball no local data for picocolors@https://registry.npmjs.org/picocolors/-/picocolors-1.1.1.tgz. Extracting by manifest.
1605 silly tarball no local data for js-tokens@https://registry.npmjs.org/js-tokens/-/js-tokens-4.0.0.tgz. Extracting by manifest.
1606 silly tarball no local data for @babel/helper-validator-identifier@https://registry.npmjs.org/@babel/helper-validator-identifier/-/helper-validator-identifier-7.29.7.tgz. Extracting by manifest.
1607 silly tarball no local data for semver@https://registry.npmjs.org/semver/-/semver-6.3.1.tgz. Extracting by manifest.
1608 silly tarball no local data for json5@https://registry.npmjs.org/json5/-/json5-2.2.3.tgz. Extracting by manifest.
1609 silly tarball no local data for gensync@https://registry.npmjs.org/gensync/-/gensync-1.0.0-beta.2.tgz. Extracting by manifest.
1610 silly tarball no local data for debug@https://registry.npmjs.org/debug/-/debug-4.4.3.tgz. Extracting by manifest.
1611 silly tarball no local data for convert-source-map@https://registry.npmjs.org/convert-source-map/-/convert-source-map-2.0.0.tgz. Extracting by manifest.
1612 silly tarball no local data for @jridgewell/remapping@https://registry.npmjs.org/@jridgewell/remapping/-/remapping-2.3.5.tgz. Extracting by manifest.
1613 silly tarball no local data for @babel/traverse@https://registry.npmjs.org/@babel/traverse/-/traverse-7.29.7.tgz. Extracting by manifest.
1614 silly tarball no local data for @babel/types@https://registry.npmjs.org/@babel/types/-/types-7.29.7.tgz. Extracting by manifest.
1615 silly tarball no local data for @babel/template@https://registry.npmjs.org/@babel/template/-/template-7.29.7.tgz. Extracting by manifest.
1616 silly tarball no local data for @babel/helpers@https://registry.npmjs.org/@babel/helpers/-/helpers-7.29.7.tgz. Extracting by manifest.
1617 silly tarball no local data for @babel/helper-module-transforms@https://registry.npmjs.org/@babel/helper-module-transforms/-/helper-module-transforms-7.29.7.tgz. Extracting by manifest.
1618 silly tarball no local data for @babel/helper-compilation-targets@https://registry.npmjs.org/@babel/helper-compilation-targets/-/helper-compilation-targets-7.29.7.tgz. Extracting by manifest.
1619 silly tarball no local data for @babel/parser@https://registry.npmjs.org/@babel/parser/-/parser-7.29.7.tgz. Extracting by manifest.
1620 silly tarball no local data for @babel/generator@https://registry.npmjs.org/@babel/generator/-/generator-7.29.7.tgz. Extracting by manifest.
1621 silly tarball no local data for @babel/code-frame@https://registry.npmjs.org/@babel/code-frame/-/code-frame-7.29.7.tgz. Extracting by manifest.
1622 silly tarball no local data for @types/babel__core@https://registry.npmjs.org/@types/babel__core/-/babel__core-7.20.5.tgz. Extracting by manifest.
1623 silly tarball no local data for react-refresh@https://registry.npmjs.org/react-refresh/-/react-refresh-0.17.0.tgz. Extracting by manifest.
1624 silly tarball no local data for @rolldown/pluginutils@https://registry.npmjs.org/@rolldown/pluginutils/-/pluginutils-1.0.0-beta.27.tgz. Extracting by manifest.
1625 silly tarball no local data for @babel/plugin-transform-react-jsx-source@https://registry.npmjs.org/@babel/plugin-transform-react-jsx-source/-/plugin-transform-react-jsx-source-7.29.7.tgz. Extracting by manifest.
1626 silly tarball no local data for @babel/plugin-transform-react-jsx-self@https://registry.npmjs.org/@babel/plugin-transform-react-jsx-self/-/plugin-transform-react-jsx-self-7.29.7.tgz. Extracting by manifest.
1627 silly tarball no local data for @babel/core@https://registry.npmjs.org/@babel/core/-/core-7.29.7.tgz. Extracting by manifest.
1628 silly tarball no local data for typescript@https://registry.npmjs.org/typescript/-/typescript-5.9.3.tgz. Extracting by manifest.
1629 silly tarball no local data for recharts@https://registry.npmjs.org/recharts/-/recharts-2.15.4.tgz. Extracting by manifest.
1630 silly tarball no local data for react-router-dom@https://registry.npmjs.org/react-router-dom/-/react-router-dom-7.16.0.tgz. Extracting by manifest.
1631 silly tarball no local data for tailwindcss@https://registry.npmjs.org/tailwindcss/-/tailwindcss-3.4.19.tgz. Extracting by manifest.
1632 silly tarball no local data for react@https://registry.npmjs.org/react/-/react-19.2.7.tgz. Extracting by manifest.
1633 silly tarball no local data for react-dom@https://registry.npmjs.org/react-dom/-/react-dom-19.2.7.tgz. Extracting by manifest.
1634 silly tarball no local data for lucide-react@https://registry.npmjs.org/lucide-react/-/lucide-react-0.468.0.tgz. Extracting by manifest.
1635 silly tarball no local data for postcss@https://registry.npmjs.org/postcss/-/postcss-8.5.15.tgz. Extracting by manifest.
1636 silly tarball no local data for autoprefixer@https://registry.npmjs.org/autoprefixer/-/autoprefixer-10.5.0.tgz. Extracting by manifest.
1637 silly tarball no local data for @vitejs/plugin-react@https://registry.npmjs.org/@vitejs/plugin-react/-/plugin-react-4.7.0.tgz. Extracting by manifest.
1638 silly tarball no local data for vite@https://registry.npmjs.org/vite/-/vite-6.4.3.tgz. Extracting by manifest.
1639 silly tarball no local data for glob-parent@https://registry.npmjs.org/glob-parent/-/glob-parent-5.1.2.tgz. Extracting by manifest.
1640 silly tarball no local data for fdir@https://registry.npmjs.org/fdir/-/fdir-6.5.0.tgz. Extracting by manifest.
1641 silly tarball no local data for picomatch@https://registry.npmjs.org/picomatch/-/picomatch-4.0.4.tgz. Extracting by manifest.
1642 silly tarball no local data for glob-parent@https://registry.npmjs.org/glob-parent/-/glob-parent-5.1.2.tgz. Extracting by manifest.
1643 silly tarball no local data for react-is@https://registry.npmjs.org/react-is/-/react-is-16.13.1.tgz. Extracting by manifest.
1644 silly tarball no local data for picomatch@https://registry.npmjs.org/picomatch/-/picomatch-4.0.4.tgz. Extracting by manifest.
1645 silly tarball no local data for fdir@https://registry.npmjs.org/fdir/-/fdir-6.5.0.tgz. Extracting by manifest.
1646 http fetch POST 200 https://registry.npmjs.org/-/npm/v1/security/advisories/bulk 742ms
1647 silly audit report {}
1648 http fetch GET 200 https://registry.npmjs.org/@types/estree/-/estree-1.0.9.tgz 530ms (cache miss)
1649 http fetch GET 200 https://registry.npmjs.org/d3-timer/-/d3-timer-3.0.1.tgz 650ms (cache miss)
1650 http fetch GET 200 https://registry.npmjs.org/d3-shape/-/d3-shape-3.2.0.tgz 1050ms (cache miss)
1651 http fetch GET 200 https://registry.npmjs.org/@types/d3-path/-/d3-path-3.1.1.tgz 1119ms (cache miss)
1652 http fetch GET 200 https://registry.npmjs.org/internmap/-/internmap-2.0.3.tgz 1143ms (cache miss)
1653 http fetch GET 200 https://registry.npmjs.org/d3-scale/-/d3-scale-4.0.2.tgz 1155ms (cache miss)
1654 http fetch GET 200 https://registry.npmjs.org/d3-path/-/d3-path-3.1.0.tgz 1174ms (cache miss)
1655 http fetch GET 200 https://registry.npmjs.org/@types/d3-color/-/d3-color-3.1.3.tgz 1258ms (cache miss)
1656 http fetch GET 200 https://registry.npmjs.org/d3-ease/-/d3-ease-3.0.1.tgz 1252ms (cache miss)
1657 http fetch GET 200 https://registry.npmjs.org/d3-interpolate/-/d3-interpolate-3.0.1.tgz 1340ms (cache miss)
1658 http fetch GET 200 https://registry.npmjs.org/esbuild/-/esbuild-0.25.12.tgz 1379ms (cache miss)
1659 http fetch GET 200 https://registry.npmjs.org/@types/d3-timer/-/d3-timer-3.0.2.tgz 1405ms (cache miss)
1660 http fetch GET 200 https://registry.npmjs.org/@types/d3-time/-/d3-time-3.0.4.tgz 1436ms (cache miss)
1661 http fetch GET 200 https://registry.npmjs.org/d3-color/-/d3-color-3.1.0.tgz 1471ms (cache miss)
1662 http fetch GET 200 https://registry.npmjs.org/d3-time/-/d3-time-3.1.0.tgz 1528ms (cache miss)
1663 http fetch GET 200 https://registry.npmjs.org/@types/d3-interpolate/-/d3-interpolate-3.0.4.tgz 1539ms (cache miss)
1664 http fetch GET 200 https://registry.npmjs.org/@types/d3-scale/-/d3-scale-4.0.9.tgz 1694ms (cache miss)
1665 http fetch GET 200 https://registry.npmjs.org/@types/d3-ease/-/d3-ease-3.0.2.tgz 1700ms (cache miss)
1666 http fetch GET 200 https://registry.npmjs.org/@types/d3-shape/-/d3-shape-3.1.8.tgz 1729ms (cache miss)
1667 http fetch GET 200 https://registry.npmjs.org/@types/d3-array/-/d3-array-3.2.2.tgz 1777ms (cache miss)
1668 http fetch GET 200 https://registry.npmjs.org/d3-time-format/-/d3-time-format-4.1.0.tgz 1849ms (cache miss)
1669 http fetch GET 200 https://registry.npmjs.org/d3-array/-/d3-array-3.2.4.tgz 1855ms (cache miss)
1670 http fetch GET 200 https://registry.npmjs.org/escalade/-/escalade-3.2.0.tgz 1895ms (cache miss)
1671 http fetch GET 200 https://registry.npmjs.org/is-number/-/is-number-7.0.0.tgz 1915ms (cache miss)
1672 http fetch GET 200 https://registry.npmjs.org/thenify-all/-/thenify-all-1.6.0.tgz 1912ms (cache miss)
1673 http fetch GET 200 https://registry.npmjs.org/d3-format/-/d3-format-3.1.2.tgz 1963ms (cache miss)
1674 http fetch GET 200 https://registry.npmjs.org/thenify/-/thenify-3.3.1.tgz 1949ms (cache miss)
1675 http fetch GET 200 https://registry.npmjs.org/tinyglobby/-/tinyglobby-0.2.17.tgz 2126ms (cache miss)
1676 http fetch GET 200 https://registry.npmjs.org/ts-interface-checker/-/ts-interface-checker-0.1.13.tgz 2160ms (cache miss)
1677 http fetch GET 200 https://registry.npmjs.org/any-promise/-/any-promise-1.3.0.tgz 2221ms (cache miss)
1678 http fetch GET 200 https://registry.npmjs.org/pirates/-/pirates-4.0.7.tgz 2242ms (cache miss)
1679 http fetch GET 200 https://registry.npmjs.org/lines-and-columns/-/lines-and-columns-1.2.4.tgz 2255ms (cache miss)
1680 http fetch GET 200 https://registry.npmjs.org/queue-microtask/-/queue-microtask-1.2.3.tgz 2330ms (cache miss)
1681 http fetch GET 200 https://registry.npmjs.org/commander/-/commander-4.1.1.tgz 2343ms (cache miss)
1682 http fetch GET 200 https://registry.npmjs.org/mz/-/mz-2.7.0.tgz 2430ms (cache miss)
1683 http fetch GET 200 https://registry.npmjs.org/hasown/-/hasown-2.0.4.tgz 2453ms (cache miss)
1684 http fetch GET 200 https://registry.npmjs.org/function-bind/-/function-bind-1.1.2.tgz 2465ms (cache miss)
1685 http fetch GET 200 https://registry.npmjs.org/supports-preserve-symlinks-flag/-/supports-preserve-symlinks-flag-1.0.0.tgz 2478ms (cache miss)
1686 http fetch GET 200 https://registry.npmjs.org/path-parse/-/path-parse-1.0.7.tgz 2546ms (cache miss)
1687 http fetch GET 200 https://registry.npmjs.org/is-core-module/-/is-core-module-2.16.2.tgz 2547ms (cache miss)
1688 http fetch GET 200 https://registry.npmjs.org/es-errors/-/es-errors-1.3.0.tgz 2686ms (cache miss)
1689 http fetch GET 200 https://registry.npmjs.org/util-deprecate/-/util-deprecate-1.0.2.tgz 2687ms (cache miss)
1690 http fetch GET 200 https://registry.npmjs.org/pify/-/pify-2.3.0.tgz 2699ms (cache miss)
1691 http fetch GET 200 https://registry.npmjs.org/cssesc/-/cssesc-3.0.0.tgz 2902ms (cache miss)
1692 http fetch GET 200 https://registry.npmjs.org/camelcase-css/-/camelcase-css-2.0.1.tgz 2913ms (cache miss)
1693 http fetch GET 200 https://registry.npmjs.org/read-cache/-/read-cache-1.0.0.tgz 2966ms (cache miss)
1694 http fetch GET 200 https://registry.npmjs.org/is-extglob/-/is-extglob-2.1.1.tgz 3036ms (cache miss)
1695 http fetch GET 200 https://registry.npmjs.org/to-regex-range/-/to-regex-range-5.0.1.tgz 3043ms (cache miss)
1696 http fetch GET 200 https://registry.npmjs.org/binary-extensions/-/binary-extensions-2.3.0.tgz 3046ms (cache miss)
1697 http fetch GET 200 https://registry.npmjs.org/run-parallel/-/run-parallel-1.2.0.tgz 3081ms (cache miss)
1698 http fetch GET 200 https://registry.npmjs.org/reusify/-/reusify-1.1.0.tgz 3094ms (cache miss)
1699 http fetch GET 200 https://registry.npmjs.org/fastq/-/fastq-1.20.1.tgz 3227ms (cache miss)
1700 http fetch GET 200 https://registry.npmjs.org/@nodelib/fs.scandir/-/fs.scandir-2.1.5.tgz 3312ms (cache miss)
1701 http fetch GET 200 https://registry.npmjs.org/merge2/-/merge2-1.4.1.tgz 3324ms (cache miss)
1702 http fetch GET 200 https://registry.npmjs.org/@nodelib/fs.walk/-/fs.walk-1.2.8.tgz 3331ms (cache miss)
1703 http fetch GET 200 https://registry.npmjs.org/@nodelib/fs.stat/-/fs.stat-2.0.5.tgz 3377ms (cache miss)
1704 http fetch GET 200 https://registry.npmjs.org/fill-range/-/fill-range-7.1.1.tgz 3466ms (cache miss)
1705 http fetch GET 200 https://registry.npmjs.org/is-binary-path/-/is-binary-path-2.1.0.tgz 3467ms (cache miss)
1706 http fetch GET 200 https://registry.npmjs.org/readdirp/-/readdirp-3.6.0.tgz 3510ms (cache miss)
1707 http fetch GET 200 https://registry.npmjs.org/picomatch/-/picomatch-2.3.2.tgz 3552ms (cache miss)
1708 http fetch GET 200 https://registry.npmjs.org/braces/-/braces-3.0.3.tgz 3575ms (cache miss)
1709 http fetch GET 200 https://registry.npmjs.org/rollup/-/rollup-4.61.0.tgz 3764ms (cache miss)
1710 http fetch GET 200 https://registry.npmjs.org/anymatch/-/anymatch-3.1.3.tgz 3840ms (cache miss)
1711 http fetch GET 200 https://registry.npmjs.org/postcss-nested/-/postcss-nested-6.2.0.tgz 3851ms (cache miss)
1712 http fetch GET 200 https://registry.npmjs.org/postcss-load-config/-/postcss-load-config-6.0.1.tgz 3854ms (cache miss)
1713 http fetch GET 200 https://registry.npmjs.org/postcss-selector-parser/-/postcss-selector-parser-6.1.2.tgz 3947ms (cache miss)
1714 http fetch GET 200 https://registry.npmjs.org/normalize-path/-/normalize-path-3.0.0.tgz 3937ms (cache miss)
1715 http fetch GET 200 https://registry.npmjs.org/postcss-js/-/postcss-js-4.1.0.tgz 3946ms (cache miss)
1716 http fetch GET 200 https://registry.npmjs.org/object-hash/-/object-hash-3.0.0.tgz 3949ms (cache miss)
1717 http fetch GET 200 https://registry.npmjs.org/postcss-import/-/postcss-import-15.1.0.tgz 3981ms (cache miss)
1718 http fetch GET 200 https://registry.npmjs.org/micromatch/-/micromatch-4.0.8.tgz 4088ms (cache miss)
1719 http fetch GET 200 https://registry.npmjs.org/is-glob/-/is-glob-4.0.3.tgz 4172ms (cache miss)
1720 http fetch GET 200 https://registry.npmjs.org/@rollup/rollup-win32-x64-msvc/-/rollup-win32-x64-msvc-4.61.0.tgz 4338ms (cache miss)
1721 http fetch GET 200 https://registry.npmjs.org/glob-parent/-/glob-parent-6.0.2.tgz 4251ms (cache miss)
1722 http fetch GET 200 https://registry.npmjs.org/resolve/-/resolve-1.22.12.tgz 4386ms (cache miss)
1723 http fetch GET 200 https://registry.npmjs.org/dlv/-/dlv-1.1.3.tgz 4376ms (cache miss)
1724 http fetch GET 200 https://registry.npmjs.org/lilconfig/-/lilconfig-3.1.3.tgz 4383ms (cache miss)
1725 http fetch GET 200 https://registry.npmjs.org/didyoumean/-/didyoumean-1.2.2.tgz 4463ms (cache miss)
1726 http fetch GET 200 https://registry.npmjs.org/fast-glob/-/fast-glob-3.3.3.tgz 4543ms (cache miss)
1727 http fetch GET 200 https://registry.npmjs.org/arg/-/arg-5.0.2.tgz 4613ms (cache miss)
1728 http fetch GET 200 https://registry.npmjs.org/chokidar/-/chokidar-3.6.0.tgz 4617ms (cache miss)
1729 http fetch GET 200 https://registry.npmjs.org/sucrase/-/sucrase-3.35.1.tgz 5846ms (cache miss)
1730 http fetch GET 200 https://registry.npmjs.org/loose-envify/-/loose-envify-1.4.0.tgz 5975ms (cache miss)
1731 http fetch GET 200 https://registry.npmjs.org/object-assign/-/object-assign-4.1.1.tgz 5985ms (cache miss)
1732 http fetch GET 200 https://registry.npmjs.org/prop-types/-/prop-types-15.8.1.tgz 6108ms (cache miss)
1733 http fetch GET 200 https://registry.npmjs.org/tiny-invariant/-/tiny-invariant-1.3.3.tgz 6156ms (cache miss)
1734 http fetch GET 200 https://registry.npmjs.org/decimal.js-light/-/decimal.js-light-2.5.1.tgz 6284ms (cache miss)
1735 http fetch GET 200 https://registry.npmjs.org/fast-equals/-/fast-equals-5.4.0.tgz 6420ms (cache miss)
1736 http fetch GET 200 https://registry.npmjs.org/react-transition-group/-/react-transition-group-4.4.5.tgz 6429ms (cache miss)
1737 http fetch GET 200 https://registry.npmjs.org/recharts-scale/-/recharts-scale-0.4.5.tgz 6469ms (cache miss)
1738 http fetch GET 200 https://registry.npmjs.org/react-is/-/react-is-18.3.1.tgz 6581ms (cache miss)
1739 http fetch GET 200 https://registry.npmjs.org/jiti/-/jiti-1.21.7.tgz 6616ms (cache miss)
1740 http fetch GET 200 https://registry.npmjs.org/react-smooth/-/react-smooth-4.0.4.tgz 6612ms (cache miss)
1741 http fetch GET 200 https://registry.npmjs.org/@babel/runtime/-/runtime-7.29.7.tgz 6673ms (cache miss)
1742 http fetch GET 200 https://registry.npmjs.org/csstype/-/csstype-3.2.3.tgz 6861ms (cache miss)
1743 http fetch GET 200 https://registry.npmjs.org/eventemitter3/-/eventemitter3-4.0.7.tgz 6836ms (cache miss)
1744 http fetch GET 200 https://registry.npmjs.org/cookie/-/cookie-1.1.1.tgz 6859ms (cache miss)
1745 http fetch GET 200 https://registry.npmjs.org/clsx/-/clsx-2.1.1.tgz 6925ms (cache miss)
1746 http fetch GET 200 https://registry.npmjs.org/dom-helpers/-/dom-helpers-5.2.1.tgz 6954ms (cache miss)
1747 http fetch GET 200 https://registry.npmjs.org/scheduler/-/scheduler-0.27.0.tgz 7013ms (cache miss)
1748 http fetch GET 200 https://registry.npmjs.org/set-cookie-parser/-/set-cookie-parser-2.7.2.tgz 7032ms (cache miss)
1749 http fetch GET 200 https://registry.npmjs.org/@alloc/quick-lru/-/quick-lru-5.2.0.tgz 7075ms (cache miss)
1750 http fetch GET 200 https://registry.npmjs.org/nanoid/-/nanoid-3.3.12.tgz 7102ms (cache miss)
1751 http fetch GET 200 https://registry.npmjs.org/yallist/-/yallist-3.1.1.tgz 7123ms (cache miss)
1752 http fetch GET 200 https://registry.npmjs.org/source-map-js/-/source-map-js-1.2.1.tgz 7149ms (cache miss)
1753 http fetch GET 200 https://registry.npmjs.org/ms/-/ms-2.1.3.tgz 7329ms (cache miss)
1754 http fetch GET 200 https://registry.npmjs.org/update-browserslist-db/-/update-browserslist-db-1.2.3.tgz 7373ms (cache miss)
1755 http fetch GET 200 https://registry.npmjs.org/node-releases/-/node-releases-2.0.47.tgz 7377ms (cache miss)
1756 http fetch GET 200 https://registry.npmjs.org/electron-to-chromium/-/electron-to-chromium-1.5.365.tgz 7512ms (cache miss)
1757 http fetch GET 200 https://registry.npmjs.org/postcss-value-parser/-/postcss-value-parser-4.2.0.tgz 7647ms (cache miss)
1758 http fetch GET 200 https://registry.npmjs.org/@types/babel__template/-/babel__template-7.4.4.tgz 7671ms (cache miss)
1759 http fetch GET 200 https://registry.npmjs.org/@types/babel__traverse/-/babel__traverse-7.28.0.tgz 7728ms (cache miss)
1760 http fetch GET 200 https://registry.npmjs.org/@jridgewell/sourcemap-codec/-/sourcemap-codec-1.5.5.tgz 7859ms (cache miss)
1761 http fetch GET 200 https://registry.npmjs.org/@babel/helper-string-parser/-/helper-string-parser-7.29.7.tgz 7882ms (cache miss)
1762 http fetch GET 200 https://registry.npmjs.org/@types/babel__generator/-/babel__generator-7.27.0.tgz 7950ms (cache miss)
1763 http fetch GET 200 https://registry.npmjs.org/@jridgewell/resolve-uri/-/resolve-uri-3.1.2.tgz 7960ms (cache miss)
1764 http fetch GET 200 https://registry.npmjs.org/@babel/helper-plugin-utils/-/helper-plugin-utils-7.29.7.tgz 8039ms (cache miss)
1765 http fetch GET 200 https://registry.npmjs.org/@babel/helper-globals/-/helper-globals-7.29.7.tgz 8052ms (cache miss)
1766 http fetch GET 200 https://registry.npmjs.org/baseline-browser-mapping/-/baseline-browser-mapping-2.10.33.tgz 8087ms (cache miss)
1767 http fetch GET 200 https://registry.npmjs.org/lru-cache/-/lru-cache-5.1.1.tgz 8094ms (cache miss)
1768 http fetch GET 200 https://registry.npmjs.org/@babel/helper-validator-option/-/helper-validator-option-7.29.7.tgz 8308ms (cache miss)
1769 http fetch GET 200 https://registry.npmjs.org/picocolors/-/picocolors-1.1.1.tgz 8324ms (cache miss)
1770 http fetch GET 200 https://registry.npmjs.org/@babel/compat-data/-/compat-data-7.29.7.tgz 8332ms (cache miss)
1771 http fetch GET 200 https://registry.npmjs.org/fraction.js/-/fraction.js-5.3.4.tgz 8358ms (cache miss)
1772 http fetch GET 200 https://registry.npmjs.org/@babel/helper-module-imports/-/helper-module-imports-7.29.7.tgz 8362ms (cache miss)
1773 http fetch GET 200 https://registry.npmjs.org/jsesc/-/jsesc-3.1.0.tgz 8360ms (cache miss)
1774 http fetch GET 200 https://registry.npmjs.org/js-tokens/-/js-tokens-4.0.0.tgz 8361ms (cache miss)
1775 http fetch GET 200 https://registry.npmjs.org/browserslist/-/browserslist-4.28.2.tgz 8408ms (cache miss)
1776 http fetch GET 200 https://registry.npmjs.org/@babel/helper-validator-identifier/-/helper-validator-identifier-7.29.7.tgz 8473ms (cache miss)
1777 http fetch GET 200 https://registry.npmjs.org/semver/-/semver-6.3.1.tgz 8476ms (cache miss)
1778 http fetch GET 200 https://registry.npmjs.org/@rollup/rollup-win32-x64-gnu/-/rollup-win32-x64-gnu-4.61.0.tgz 8712ms (cache miss)
1779 http fetch GET 200 https://registry.npmjs.org/gensync/-/gensync-1.0.0-beta.2.tgz 8546ms (cache miss)
1780 http fetch GET 200 https://registry.npmjs.org/convert-source-map/-/convert-source-map-2.0.0.tgz 8559ms (cache miss)
1781 http fetch GET 200 https://registry.npmjs.org/debug/-/debug-4.4.3.tgz 8579ms (cache miss)
1782 http fetch GET 200 https://registry.npmjs.org/@jridgewell/gen-mapping/-/gen-mapping-0.3.13.tgz 8743ms (cache miss)
1783 http fetch GET 200 https://registry.npmjs.org/json5/-/json5-2.2.3.tgz 8747ms (cache miss)
1784 http fetch GET 200 https://registry.npmjs.org/@babel/template/-/template-7.29.7.tgz 8847ms (cache miss)
1785 http fetch GET 200 https://registry.npmjs.org/@babel/helper-compilation-targets/-/helper-compilation-targets-7.29.7.tgz 8877ms (cache miss)
1786 http fetch GET 200 https://registry.npmjs.org/@babel/code-frame/-/code-frame-7.29.7.tgz 8921ms (cache miss)
1787 http fetch GET 200 https://registry.npmjs.org/@rolldown/pluginutils/-/pluginutils-1.0.0-beta.27.tgz 8968ms (cache miss)
1788 http fetch GET 200 https://registry.npmjs.org/@jridgewell/remapping/-/remapping-2.3.5.tgz 9035ms (cache miss)
1789 http fetch GET 200 https://registry.npmjs.org/react-refresh/-/react-refresh-0.17.0.tgz 9020ms (cache miss)
1790 http fetch GET 200 https://registry.npmjs.org/@babel/helper-module-transforms/-/helper-module-transforms-7.29.7.tgz 9032ms (cache miss)
1791 http fetch GET 200 https://registry.npmjs.org/@types/babel__core/-/babel__core-7.20.5.tgz 9054ms (cache miss)
1792 http fetch GET 200 https://registry.npmjs.org/@jridgewell/trace-mapping/-/trace-mapping-0.3.31.tgz 9084ms (cache miss)
1793 http fetch GET 200 https://registry.npmjs.org/victory-vendor/-/victory-vendor-36.9.2.tgz 9140ms (cache miss)
1794 http fetch GET 200 https://registry.npmjs.org/@babel/plugin-transform-react-jsx-source/-/plugin-transform-react-jsx-source-7.29.7.tgz 9073ms (cache miss)
1795 http fetch GET 200 https://registry.npmjs.org/@babel/traverse/-/traverse-7.29.7.tgz 9606ms (cache miss)
1796 http fetch GET 200 https://registry.npmjs.org/react-router-dom/-/react-router-dom-7.16.0.tgz 9612ms (cache miss)
1797 http fetch GET 200 https://registry.npmjs.org/react/-/react-19.2.7.tgz 9898ms (cache miss)
1798 http fetch GET 200 https://registry.npmjs.org/@babel/generator/-/generator-7.29.7.tgz 10517ms (cache miss)
1799 http fetch GET 200 https://registry.npmjs.org/@babel/helpers/-/helpers-7.29.7.tgz 10807ms (cache miss)
1800 http fetch GET 200 https://registry.npmjs.org/@babel/plugin-transform-react-jsx-self/-/plugin-transform-react-jsx-self-7.29.7.tgz 10964ms (cache miss)
1801 http fetch GET 200 https://registry.npmjs.org/lodash/-/lodash-4.18.1.tgz 11667ms (cache miss)
1802 http fetch GET 200 https://registry.npmjs.org/autoprefixer/-/autoprefixer-10.5.0.tgz 12470ms (cache miss)
1803 http fetch GET 200 https://registry.npmjs.org/@vitejs/plugin-react/-/plugin-react-4.7.0.tgz 13032ms (cache miss)
1804 http fetch GET 200 https://registry.npmjs.org/fdir/-/fdir-6.5.0.tgz 14865ms (cache miss)
1805 http fetch GET 200 https://registry.npmjs.org/glob-parent/-/glob-parent-5.1.2.tgz 14979ms (cache miss)
1806 http fetch GET 200 https://registry.npmjs.org/@babel/parser/-/parser-7.29.7.tgz 15131ms (cache miss)
1807 http fetch GET 200 https://registry.npmjs.org/@babel/types/-/types-7.29.7.tgz 15138ms (cache miss)
1808 http fetch GET 200 https://registry.npmjs.org/react-router/-/react-router-7.16.0.tgz 15462ms (cache miss)
1809 http fetch GET 200 https://registry.npmjs.org/picomatch/-/picomatch-4.0.4.tgz 15412ms (cache miss)
1810 http fetch GET 200 https://registry.npmjs.org/react-is/-/react-is-16.13.1.tgz 15683ms (cache miss)
1811 http fetch GET 200 https://registry.npmjs.org/glob-parent/-/glob-parent-5.1.2.tgz 15764ms (cache miss)
1812 http fetch GET 200 https://registry.npmjs.org/postcss/-/postcss-8.5.15.tgz 16205ms (cache miss)
1813 http fetch GET 200 https://registry.npmjs.org/fdir/-/fdir-6.5.0.tgz 16562ms (cache miss)
1814 http fetch GET 200 https://registry.npmjs.org/@babel/core/-/core-7.29.7.tgz 16846ms (cache miss)
1815 http fetch GET 200 https://registry.npmjs.org/picomatch/-/picomatch-4.0.4.tgz 16892ms (cache miss)
1816 http fetch GET 200 https://registry.npmjs.org/caniuse-lite/-/caniuse-lite-1.0.30001793.tgz 20289ms (cache miss)
1817 http fetch GET 200 https://registry.npmjs.org/tailwindcss/-/tailwindcss-3.4.19.tgz 21481ms (cache miss)
1818 http fetch GET 200 https://registry.npmjs.org/recharts/-/recharts-2.15.4.tgz 22611ms (cache miss)
1819 warn deprecated recharts@2.15.4: 1.x and 2.x branches are no longer active. Bump to Recharts v3 to receive latest features and bugfixes. See https://github.com/recharts/recharts/wiki/3.0-migration-guide
1820 http fetch GET 200 https://registry.npmjs.org/vite/-/vite-6.4.3.tgz 24328ms (cache miss)
1821 http fetch GET 200 https://registry.npmjs.org/typescript/-/typescript-5.9.3.tgz 25701ms (cache miss)
1822 http fetch GET 200 https://registry.npmjs.org/@esbuild/win32-x64/-/win32-x64-0.25.12.tgz 28909ms (cache miss)
1823 http fetch GET 200 https://registry.npmjs.org/react-dom/-/react-dom-19.2.7.tgz 30986ms (cache miss)
1824 http fetch GET 200 https://registry.npmjs.org/lucide-react/-/lucide-react-0.468.0.tgz 33880ms (cache miss)
1825 info run esbuild@0.25.12 postinstall node_modules/esbuild node install.js
1826 info run esbuild@0.25.12 postinstall { code: 0, signal: null }
1827 silly ADD node_modules/@types/estree
1828 silly ADD node_modules/@rollup/rollup-win32-x64-msvc
1829 silly ADD node_modules/@rollup/rollup-win32-x64-gnu
1830 silly ADD node_modules/@esbuild/win32-x64
1831 silly ADD node_modules/rollup
1832 silly ADD node_modules/esbuild
1833 silly ADD node_modules/d3-path
1834 silly ADD node_modules/d3-time-format
1835 silly ADD node_modules/d3-format
1836 silly ADD node_modules/d3-color
1837 silly ADD node_modules/internmap
1838 silly ADD node_modules/@types/d3-path
1839 silly ADD node_modules/@types/d3-color
1840 silly ADD node_modules/d3-timer
1841 silly ADD node_modules/d3-time
1842 silly ADD node_modules/d3-shape
1843 silly ADD node_modules/d3-scale
1844 silly ADD node_modules/d3-interpolate
1845 silly ADD node_modules/d3-ease
1846 silly ADD node_modules/d3-array
1847 silly ADD node_modules/@types/d3-timer
1848 silly ADD node_modules/@types/d3-time
1849 silly ADD node_modules/@types/d3-shape
1850 silly ADD node_modules/@types/d3-scale
1851 silly ADD node_modules/@types/d3-interpolate
1852 silly ADD node_modules/@types/d3-ease
1853 silly ADD node_modules/@types/d3-array
1854 silly ADD node_modules/escalade
1855 silly ADD node_modules/is-number
1856 silly ADD node_modules/thenify
1857 silly ADD node_modules/thenify-all
1858 silly ADD node_modules/any-promise
1859 silly ADD node_modules/ts-interface-checker
1860 silly ADD node_modules/tinyglobby
1861 silly ADD node_modules/tinyglobby/node_modules/picomatch
1862 silly ADD node_modules/tinyglobby/node_modules/fdir
1863 silly ADD node_modules/pirates
1864 silly ADD node_modules/mz
1865 silly ADD node_modules/lines-and-columns
1866 silly ADD node_modules/commander
1867 silly ADD node_modules/queue-microtask
1868 silly ADD node_modules/function-bind
1869 silly ADD node_modules/hasown
1870 silly ADD node_modules/supports-preserve-symlinks-flag
1871 silly ADD node_modules/path-parse
1872 silly ADD node_modules/is-core-module
1873 silly ADD node_modules/es-errors
1874 silly ADD node_modules/pify
1875 silly ADD node_modules/util-deprecate
1876 silly ADD node_modules/cssesc
1877 silly ADD node_modules/camelcase-css
1878 silly ADD node_modules/read-cache
1879 silly ADD node_modules/is-extglob
1880 silly ADD node_modules/binary-extensions
1881 silly ADD node_modules/to-regex-range
1882 silly ADD node_modules/reusify
1883 silly ADD node_modules/run-parallel
1884 silly ADD node_modules/fastq
1885 silly ADD node_modules/@nodelib/fs.scandir
1886 silly ADD node_modules/merge2
1887 silly ADD node_modules/@nodelib/fs.walk
1888 silly ADD node_modules/@nodelib/fs.stat
1889 silly ADD node_modules/fill-range
1890 silly ADD node_modules/picomatch
1891 silly ADD node_modules/readdirp
1892 silly ADD node_modules/is-binary-path
1893 silly ADD node_modules/braces
1894 silly ADD node_modules/anymatch
1895 silly ADD node_modules/sucrase
1896 silly ADD node_modules/resolve
1897 silly ADD node_modules/postcss-selector-parser
1898 silly ADD node_modules/postcss-nested
1899 silly ADD node_modules/postcss-load-config
1900 silly ADD node_modules/postcss-js
1901 silly ADD node_modules/postcss-import
1902 silly ADD node_modules/object-hash
1903 silly ADD node_modules/normalize-path
1904 silly ADD node_modules/micromatch
1905 silly ADD node_modules/lilconfig
1906 silly ADD node_modules/jiti
1907 silly ADD node_modules/is-glob
1908 silly ADD node_modules/glob-parent
1909 silly ADD node_modules/fast-glob
1910 silly ADD node_modules/fast-glob/node_modules/glob-parent
1911 silly ADD node_modules/dlv
1912 silly ADD node_modules/didyoumean
1913 silly ADD node_modules/chokidar
1914 silly ADD node_modules/chokidar/node_modules/glob-parent
1915 silly ADD node_modules/arg
1916 silly ADD node_modules/@alloc/quick-lru
1917 silly ADD node_modules/decimal.js-light
1918 silly ADD node_modules/csstype
1919 silly ADD node_modules/dom-helpers
1920 silly ADD node_modules/@babel/runtime
1921 silly ADD node_modules/object-assign
1922 silly ADD node_modules/loose-envify
1923 silly ADD node_modules/react-transition-group
1924 silly ADD node_modules/prop-types
1925 silly ADD node_modules/prop-types/node_modules/react-is
1926 silly ADD node_modules/fast-equals
1927 silly ADD node_modules/victory-vendor
1928 silly ADD node_modules/tiny-invariant
1929 silly ADD node_modules/recharts-scale
1930 silly ADD node_modules/react-smooth
1931 silly ADD node_modules/react-is
1932 silly ADD node_modules/lodash
1933 silly ADD node_modules/eventemitter3
1934 silly ADD node_modules/clsx
1935 silly ADD node_modules/set-cookie-parser
1936 silly ADD node_modules/cookie
1937 silly ADD node_modules/react-router
1938 silly ADD node_modules/scheduler
1939 silly ADD node_modules/source-map-js
1940 silly ADD node_modules/nanoid
1941 silly ADD node_modules/yallist
1942 silly ADD node_modules/ms
1943 silly ADD node_modules/update-browserslist-db
1944 silly ADD node_modules/node-releases
1945 silly ADD node_modules/electron-to-chromium
1946 silly ADD node_modules/baseline-browser-mapping
1947 silly ADD node_modules/postcss-value-parser
1948 silly ADD node_modules/fraction.js
1949 silly ADD node_modules/caniuse-lite
1950 silly ADD node_modules/@types/babel__traverse
1951 silly ADD node_modules/@types/babel__template
1952 silly ADD node_modules/@types/babel__generator
1953 silly ADD node_modules/@jridgewell/resolve-uri
1954 silly ADD node_modules/@jridgewell/sourcemap-codec
1955 silly ADD node_modules/@babel/helper-string-parser
1956 silly ADD node_modules/@babel/helper-globals
1957 silly ADD node_modules/@babel/helper-plugin-utils
1958 silly ADD node_modules/@babel/helper-module-imports
1959 silly ADD node_modules/lru-cache
1960 silly ADD node_modules/browserslist
1961 silly ADD node_modules/@babel/helper-validator-option
1962 silly ADD node_modules/@babel/compat-data
1963 silly ADD node_modules/jsesc
1964 silly ADD node_modules/@jridgewell/trace-mapping
1965 silly ADD node_modules/@jridgewell/gen-mapping
1966 silly ADD node_modules/picocolors
1967 silly ADD node_modules/js-tokens
1968 silly ADD node_modules/@babel/helper-validator-identifier
1969 silly ADD node_modules/semver
1970 silly ADD node_modules/json5
1971 silly ADD node_modules/gensync
1972 silly ADD node_modules/debug
1973 silly ADD node_modules/convert-source-map
1974 silly ADD node_modules/@jridgewell/remapping
1975 silly ADD node_modules/@babel/types
1976 silly ADD node_modules/@babel/traverse
1977 silly ADD node_modules/@babel/template
1978 silly ADD node_modules/@babel/parser
1979 silly ADD node_modules/@babel/helpers
1980 silly ADD node_modules/@babel/helper-module-transforms
1981 silly ADD node_modules/@babel/helper-compilation-targets
1982 silly ADD node_modules/@babel/generator
1983 silly ADD node_modules/@babel/code-frame
1984 silly ADD node_modules/react-refresh
1985 silly ADD node_modules/@types/babel__core
1986 silly ADD node_modules/@rolldown/pluginutils
1987 silly ADD node_modules/@babel/plugin-transform-react-jsx-source
1988 silly ADD node_modules/@babel/plugin-transform-react-jsx-self
1989 silly ADD node_modules/@babel/core
1990 silly ADD node_modules/typescript
1991 silly ADD node_modules/tailwindcss
1992 silly ADD node_modules/recharts
1993 silly ADD node_modules/react-router-dom
1994 silly ADD node_modules/react-dom
1995 silly ADD node_modules/react
1996 silly ADD node_modules/lucide-react
1997 silly ADD node_modules/postcss
1998 silly ADD node_modules/autoprefixer
1999 silly ADD node_modules/vite
2000 silly ADD node_modules/vite/node_modules/picomatch
2001 silly ADD node_modules/vite/node_modules/fdir
2002 silly ADD node_modules/@vitejs/plugin-react
2003 verbose cwd E:\DOCUMENTS\EVENT MANAGEMENT SAAS
2004 verbose os Windows_NT 10.0.26200
2005 verbose node v24.16.0
2006 verbose npm  v11.13.0
2007 notice
2007 notice New minor version of npm available! 11.13.0 -> 11.16.0
2007 notice Changelog: https://github.com/npm/cli/releases/tag/v11.16.0
2007 notice To update run: npm install -g npm@11.16.0
2007 notice  { force: true, Symbol(proc-log.meta): true }
2008 verbose exit 0
2009 info ok
